Campagne;Nom;Etat;PAD;Date de début prévue;Date de fin prévue;Date de début diffusée;Date de fin diffusée;Annonceur;Responsable commercial;Volume total prévu;Volume payant prévu;Brut prévu;Net prévu;CPM Net payant prévu;CMP Net total prévu;Volume clic prévu;Taux clic prévu;Volume total diffusé;Volume payant diffusé;Brut diffusé;Net diffusé;CPM Net payant diffusé;CMP Net total diffusé;Volume clic diffusé;Taux clic diffusé;Taux d'avancement;Taux d'avancement date;Groupe d'insertions
AGCV SAINT JO - 71785;MASTHEAD SUR RODZAFER ;Réservée;Non;05/02/2022;18/02/2022;05/02/2022;18/02/2022;AGCV SAINT JOSEPH;BOURSIER Estelle;0;0;1500.00;1500.00;0.00;0.00;0;0.00%;0;0;1500.00;1500.00;0.00;0.00;0;0.00%;0.00%;0.00%;
AGCV SAINT JO - 71787;2020 - RG RECTANGLE APPLI - 2020 - RECTANGLE APPLI;Réservée;Non;05/02/2022;18/02/2022;05/02/2022;18/02/2022;AGCV SAINT JOSEPH;BOURSIER Estelle;190058;190058;912.28;780.00;4.10;4.10;0;0.00%;190058;190058;912.28;780.00;4.10;4.10;0;0.00%;100.00%;0.00%;2021 RESEAU ASB RECTANGLE VIDEO RG AR/LINFO/DTJ/OR
AGCV SAINT JO - 71787;2020 - RG RECTANGLE - 2020 - RECTANGLE;Réservée;Non;05/02/2022;18/02/2022;05/02/2022;18/02/2022;AGCV SAINT JOSEPH;BOURSIER Estelle;175439;175439;842.11;720.00;4.10;4.10;0;0.00%;175439;175439;842.11;720.00;4.10;4.10;0;0.00%;100.00%;0.00%;2021 RESEAU ASB RECTANGLE VIDEO RG AR/LINFO/DTJ/OR
AGCV SAINT JO - 72743;2020 - RG GRAND ANGLE APPLI - 2020 - GRAND ANGLE APPLI;Réservée;Non;07/02/2022;13/02/2022;07/02/2022;13/02/2022;AGCV SAINT JOSEPH;BOURSIER Estelle;165079;165079;825.40;520.00;3.15;3.15;0;0.00%;165079;165079;825.40;520.00;3.15;3.15;0;0.00%;100.00%;0.00%;2021 RESEAU ASB GRAND ANGLE RG AR/LINFO/DTJ/OR
AGCV SAINT JO - 72743;2020 - RG GRAND ANGLE - 2020 - GRAND ANGLE;Réservée;Non;07/02/2022;13/02/2022;07/02/2022;13/02/2022;AGCV SAINT JOSEPH;BOURSIER Estelle;152381;152381;761.91;480.00;3.15;3.15;0;0.00%;152381;152381;761.91;480.00;3.15;3.15;0;0.00%;100.00%;0.00%;2021 RESEAU ASB GRAND ANGLE RG AR/LINFO/DTJ/OR
AGCV SAINT JO - 72743;2020 - RG GRAND ANGLE APPLI - 2020 - GRAND ANGLE APPLI;Réservée;Non;23/05/2022;28/05/2022;23/05/2022;28/05/2022;AGCV SAINT JOSEPH;BOURSIER Estelle;165079;165079;825.40;520.00;3.15;3.15;0;0.00%;165079;165079;825.40;520.00;3.15;3.15;0;0.00%;100.00%;0.00%;2021 V2 RESEAU ASB GRAND ANGLE RG AR/LINFO/DTJ/OR
AGCV SAINT JO - 72743;2020 - RG GRAND ANGLE - 2020 - GRAND ANGLE;Réservée;Non;23/05/2022;28/05/2022;23/05/2022;28/05/2022;AGCV SAINT JOSEPH;BOURSIER Estelle;152381;152381;761.91;480.00;3.15;3.15;0;0.00%;152381;152381;761.91;480.00;3.15;3.15;0;0.00%;100.00%;0.00%;2021 V2 RESEAU ASB GRAND ANGLE RG AR/LINFO/DTJ/OR
AGCV SAINT JO - 72743;2020 - RG GRAND ANGLE - 2020 - GRAND ANGLE;Réservée;Non;04/07/2022;10/07/2022;04/07/2022;10/07/2022;AGCV SAINT JOSEPH;BOURSIER Estelle;152381;152381;761.91;480.00;3.15;3.15;0;0.00%;152381;152381;761.91;480.00;3.15;3.15;0;0.00%;100.00%;0.00%;2021 V3 RESEAU ASB GRAND ANGLE RG AR/LINFO/DTJ/OR
AGCV SAINT JO - 72743;2020 - RG GRAND ANGLE APPLI - 2020 - GRAND ANGLE APPLI;Réservée;Non;04/07/2022;10/07/2022;04/07/2022;10/07/2022;AGCV SAINT JOSEPH;BOURSIER Estelle;165079;165079;825.40;520.00;3.15;3.15;0;0.00%;165079;165079;825.40;520.00;3.15;3.15;0;0.00%;100.00%;0.00%;2021 V3 RESEAU ASB GRAND ANGLE RG AR/LINFO/DTJ/OR
AGCV SAINT JO - 72743;2020 - RG GRAND ANGLE - 2020 - GRAND ANGLE;Réservée;Non;22/08/2022;28/08/2022;22/08/2022;28/08/2022;AGCV SAINT JOSEPH;BOURSIER Estelle;152381;152381;761.91;480.00;3.15;3.15;0;0.00%;152381;152381;761.91;480.00;3.15;3.15;0;0.00%;100.00%;0.00%;2021 V4 RESEAU ASB GRAND ANGLE RG AR/LINFO/DTJ/OR
AGCV SAINT JO - 72743;2020 - RG GRAND ANGLE APPLI - 2020 - GRAND ANGLE APPLI;Réservée;Non;22/08/2022;28/08/2022;22/08/2022;28/08/2022;AGCV SAINT JOSEPH;BOURSIER Estelle;165079;165079;825.40;520.00;3.15;3.15;0;0.00%;165079;165079;825.40;520.00;3.15;3.15;0;0.00%;100.00%;0.00%;2021 V4 RESEAU ASB GRAND ANGLE RG AR/LINFO/DTJ/OR
AGCV SAINT JO - 72743;2020 - RG GRAND ANGLE APPLI - 2020 - GRAND ANGLE APPLI;Réservée;Non;05/09/2022;11/09/2022;05/09/2022;11/09/2022;AGCV SAINT JOSEPH;BOURSIER Estelle;165079;165079;825.40;520.00;3.15;3.15;0;0.00%;165079;165079;825.40;520.00;3.15;3.15;0;0.00%;100.00%;0.00%;2021 V5 RESEAU ASB GRAND ANGLE RG AR/LINFO/DTJ/OR
AGCV SAINT JO - 72743;2020 - RG GRAND ANGLE - 2020 - GRAND ANGLE;Réservée;Non;05/09/2022;11/09/2022;05/09/2022;11/09/2022;AGCV SAINT JOSEPH;BOURSIER Estelle;152381;152381;761.91;480.00;3.15;3.15;0;0.00%;0;0;0.00;0.00;0.00;0.00;0;0.00%;0.00%;0.00%;2021 V5 RESEAU ASB GRAND ANGLE RG AR/LINFO/DTJ/OR
AGCV SAINT JO - 72743;2020 - RG GRAND ANGLE APPLI - 2020 - GRAND ANGLE APPLI;Réservée;Non;18/12/2022;24/12/2022;18/12/2022;24/12/2022;AGCV SAINT JOSEPH;BOURSIER Estelle;165079;165079;825.40;520.00;3.15;3.15;0;0.00%;165079;165079;825.40;520.00;3.15;3.15;0;0.00%;100.00%;0.00%;2021 V6 RESEAU ASB GRAND ANGLE RG AR/LINFO/DTJ/OR
AGCV SAINT JO - 72743;2020 - RG GRAND ANGLE - 2020 - GRAND ANGLE;Réservée;Non;18/12/2022;24/12/2022;18/12/2022;24/12/2022;AGCV SAINT JOSEPH;BOURSIER Estelle;152381;152381;761.91;480.00;3.15;3.15;0;0.00%;152381;152381;761.91;480.00;3.15;3.15;0;0.00%;100.00%;0.00%;2021 V6 RESEAU ASB GRAND ANGLE RG AR/LINFO/DTJ/OR
AHMOD ALI - 67714;JANVIER DIFFUSION CATALOGUE ANNUEL RODZAFER;Confirmée;Non;01/01/2022;31/01/2022;01/01/2022;31/01/2022;AHMOD ALI;AUFFRET Jerome;0;0;83.33;83.33;0.00;0.00;0;0.00%;0;0;83.33;83.33;0.00;0.00;0;0.00%;0.00%;0.00%;
AHMOD ALI - 67714;FEVRIER DIFFUSION CATALOGUE ANNUEL RODZAFER;Confirmée;Non;01/02/2022;28/02/2022;01/02/2022;28/02/2022;AHMOD ALI;AUFFRET Jerome;0;0;83.33;83.33;0.00;0.00;0;0.00%;0;0;83.33;83.33;0.00;0.00;0;0.00%;0.00%;0.00%;
AHMOD ALI - 67714;MARS DIFFUSION CATALOGUE ANNUEL RODZAFER;Confirmée;Non;01/03/2022;31/03/2022;01/03/2022;31/03/2022;AHMOD ALI;AUFFRET Jerome;0;0;83.33;83.33;0.00;0.00;0;0.00%;0;0;83.33;83.33;0.00;0.00;0;0.00%;0.00%;0.00%;
AIRLISE - 74256;2020 - NATIVE LINFO - 2020 - NATIVE;Réservée;Non;24/01/2022;03/02/2022;24/01/2022;03/02/2022;AIRLISE;CATHERINE Kevin;230000;230000;1150.00;795.00;3.46;3.46;0;0.00%;0;0;0.00;0.00;0.00;0.00;0;0.00%;0.00%;0.00%;
AIRLISE - 74256;2020 - RG GRAND ANGLE - 2020 - GRAND ANGLE;Réservée;Non;24/01/2022;03/02/2022;24/01/2022;03/02/2022;AIRLISE;CATHERINE Kevin;158400;158400;792.00;576.00;3.64;3.64;0;0.00%;0;0;0.00;0.00;0.00;0.00;0;0.00%;0.00%;0.00%;GRAND ANGLE CO-BRANDE LINFO/AR/DTJ
AIRLISE - 74256;2020 - RG GRAND ANGLE APPLI - 2020 - GRAND ANGLE APPLI;Réservée;Non;24/01/2022;03/02/2022;24/01/2022;03/02/2022;AIRLISE;CATHERINE Kevin;171600;171600;858.00;624.00;3.64;3.64;0;0.00%;0;0;0.00;0.00;0.00;0.00;0;0.00%;0.00%;0.00%;GRAND ANGLE CO-BRANDE LINFO/AR/DTJ
AIRLISE - 74256; 1 PUBLICATION FACEBOOK;Réservée;Non;24/01/2022;03/02/2022;24/01/2022;03/02/2022;AIRLISE;CATHERINE Kevin;0;0;500.00;0.00;0.00;0.00;0;0.00%;0;0;500.00;0.00;0.00;0.00;0;0.00%;0.00%;0.00%;
AIRLISE - 74256;1 PUBLICATION INSTAGRAM;Réservée;Non;24/01/2022;03/02/2022;24/01/2022;03/02/2022;AIRLISE;CATHERINE Kevin;0;0;500.00;0.00;0.00;0.00;0;0.00%;0;0;500.00;0.00;0.00;0.00;0;0.00%;0.00%;0.00%;
AIRLISE - 74257;BOOST FACEBOOK;Réservée;Non;03/01/2022;03/01/2022;03/01/2022;03/01/2022;AIRLISE;CATHERINE Kevin;0;0;150.00;150.00;0.00;0.00;0;0.00%;0;0;150.00;150.00;0.00;0.00;0;0.00%;0.00%;0.00%;
AIRLISE - 74257;MISE EN OEUVRE DE L'ARTICLE SPONSO;Réservée;Non;03/01/2022;03/01/2022;03/01/2022;03/01/2022;AIRLISE;CATHERINE Kevin;0;0;100.00;100.00;0.00;0.00;0;0.00%;0;0;100.00;100.00;0.00;0.00;0;0.00%;0.00%;0.00%;
AIRLISE - 74257;MODERATION PUBLICATION;Réservée;Non;03/01/2022;03/01/2022;03/01/2022;03/01/2022;AIRLISE;CATHERINE Kevin;0;0;75.00;75.00;0.00;0.00;0;0.00%;0;0;75.00;75.00;0.00;0.00;0;0.00%;0.00%;0.00%;
AIRLISE - 74257;REDACTION ARTICLE ET PUBLICATION;Réservée;Non;03/01/2022;03/01/2022;03/01/2022;03/01/2022;AIRLISE;CATHERINE Kevin;0;0;50.00;50.00;0.00;0.00;0;0.00%;0;0;50.00;50.00;0.00;0.00;0;0.00%;0.00%;0.00%;
AIRLISE - 74257;PRODUCTION FORMATS COBRANDES;Réservée;Non;03/01/2022;03/01/2022;03/01/2022;03/01/2022;AIRLISE;CATHERINE Kevin;0;0;130.00;130.00;0.00;0.00;0;0.00%;0;0;130.00;130.00;0.00;0.00;0;0.00%;0.00%;0.00%;
ATLAS - 75917;PUSH;Confirmée;Non;14/01/2022;14/01/2022;14/01/2022;14/01/2022;YOUFA;BONJOUR Cyrille;0;0;500.00;500.00;0.00;0.00;0;0.00%;0;0;500.00;500.00;0.00;0.00;0;0.00%;0.00%;0.00%;
ATLAS - 75947;2020 - RG INSTREAM - 2020 - INSTREAM;Confirmée;Oui;13/01/2022;22/01/2022;13/01/2022;22/01/2022;YOUFA;BONJOUR Cyrille;47847;47847;1052.63;1000.00;20.90;20.90;0;0.00%;0;0;0.00;0.00;0.00;0.00;0;0.00%;0.00%;0.00%;
AUDIO + PARR MEILLEUR PATISSIER - 72589;SM_ANTENNEREUNION emissions/emissions/le_meilleur_patissier - 2020 - HABILLAGE - Exclu;Confirmée;Oui;29/10/2021;28/01/2022;29/10/2021;28/01/2022;AUDIO + (Saint Paul);BOURSIER Estelle;112890;112890;450.00;450.00;3.99;3.99;0;0.00%;93190;93190;450.00;450.00;9.57;4.83;0;0.00%;82.55%;94.93%;
AUDIO + PARR MEILLEUR PATISSIER - 72589;SM_ANTENNEREUNION emissions/emissions/le_meilleur_patissier - 2020 - LOGO - Exclu;Confirmée;Oui;29/10/2021;28/01/2022;29/10/2021;28/01/2022;AUDIO + (Saint Paul);BOURSIER Estelle;112890;112890;99.99;99.99;0.89;0.89;0;0.00%;93190;93190;99.99;99.99;2.13;1.07;0;0.00%;82.55%;94.93%;
AUDIO + PARR MEILLEUR PATISSIER - 72589;SM_ANTENNEREUNION emissions/emissions/le_meilleur_patissier - 2020 - MASTHEAD - Exclu;Confirmée;Oui;29/10/2021;28/01/2022;29/10/2021;28/01/2022;AUDIO + (Saint Paul);BOURSIER Estelle;112890;112890;99.99;99.99;0.89;0.89;0;0.00%;93190;93190;99.99;99.99;2.13;1.07;0;0.00%;82.55%;94.93%;
AUDIO + PARR MEILLEUR PATISSIER - 72589;SM_ANTENNEREUNION emissions/emissions/le_meilleur_patissier - 2020 - RECTANGLE - Exclu;Confirmée;Oui;29/10/2021;28/01/2022;29/10/2021;28/01/2022;AUDIO + (Saint Paul);BOURSIER Estelle;112890;112890;100.02;100.02;0.89;0.89;0;0.00%;93190;93190;100.02;100.02;2.13;1.07;0;0.00%;82.55%;94.93%;
AUTOMOBILE REUNION - 75145;2021-ASB-GRAND ANGLE APPLI/ AR/LINFO/OR/DTJ;Confirmée;Oui;17/01/2022;31/01/2022;17/01/2022;31/01/2022;AUTOMOBILES REUNION;BOURSIER Estelle;208000;208000;1040.00;471.78;2.27;2.27;0;0.00%;208000;208000;1040.00;471.78;2.27;2.27;0;0.00%;100.00%;0.00%;2021 RESEAU ASB GRAND ANGLE RG AR/LINFO/DTJ/OR
AUTOMOBILE REUNION - 75145;2021-ASB- HABILLAGE APPLI RG/ AR/LINFO/OR/DTJ;Confirmée;Oui;17/01/2022;31/01/2022;17/01/2022;31/01/2022;AUTOMOBILES REUNION;BOURSIER Estelle;108000;108000;648.00;430.92;3.99;3.99;0;0.00%;0;0;0.00;0.00;0.00;0.00;0;0.00%;0.00%;0.00%;2021 RESEAU ASB HABILLAGE RG AR/LINFO/DTJ
AUTOMOBILE REUNION - 75145;2021-ASB HABILLAGE DESK RG/ AR/LINFO/OR/DTJ;Confirmée;Oui;17/01/2022;31/01/2022;17/01/2022;31/01/2022;AUTOMOBILES REUNION;BOURSIER Estelle;292000;292000;1752.00;1088.13;3.73;3.73;0;0.00%;0;0;0.00;0.00;0.00;0.00;0;0.00%;0.00%;0.00%;2021 RESEAU ASB HABILLAGE RG AR/LINFO/DTJ
AUTOMOBILE REUNION - 75145;2021-ASB-GRAND ANGLE DESK RG /AR/LINFO/OR/DTJ;Confirmée;Oui;17/01/2022;31/01/2022;17/01/2022;31/01/2022;AUTOMOBILES REUNION;BOURSIER Estelle;192000;192000;960.00;480.00;2.50;2.50;0;0.00%;0;0;0.00;0.00;0.00;0.00;0;0.00%;0.00%;0.00%;2021 RESEAU ASB GRAND ANGLE RG AR/LINFO/DTJ/OR
AUTOMOBILE REUNION - 75145;2021 - ASB - MASTHEAD AR/LINFO/DTJ - 1PULSION HP - Exclu;Confirmée;Non;27/01/2022;27/01/2022;27/01/2022;27/01/2022;AUTOMOBILES REUNION;BOURSIER Estelle;236902;236902;298.90;185.30;0.78;0.78;0;0.00%;0;0;0.00;0.00;0.00;0.00;0;0.00%;0.00%;0.00%; 1PULSION HAB / GRAND ANGLE / MASTHEAD / INTERSTIT
AUTOMOBILE REUNION - 75145;2021 - ASB - INTERSTITIEL AR/LINFO/DTJ/OR - 1PULSION HP - Exclu;Confirmée;Non;27/01/2022;27/01/2022;27/01/2022;27/01/2022;AUTOMOBILES REUNION;BOURSIER Estelle;237136;237136;278.64;198.77;0.84;0.84;0;0.00%;0;0;0.00;0.00;0.00;0.00;0;0.00%;0.00%;0.00%; 1PULSION HAB / GRAND ANGLE / MASTHEAD / INTERSTIT
AUTOMOBILE REUNION - 75145;2021 - ASB - GRAND ANGLE - 1PULSION HP - AR/LINFO/DTJ/OR;Confirmée;Non;27/01/2022;27/01/2022;27/01/2022;27/01/2022;AUTOMOBILES REUNION;BOURSIER Estelle;237136;237136;391.20;226.47;0.96;0.96;0;0.00%;0;0;0.00;0.00;0.00;0.00;0;0.00%;0.00%;0.00%; 1PULSION HAB / GRAND ANGLE / MASTHEAD / INTERSTIT
AUTOMOBILE REUNION - 75145;2021 - ASB - HAB AR/LINFO/DTJ - 1PULSION HP - Exclu;Confirmée;Non;27/01/2022;27/01/2022;27/01/2022;27/01/2022;AUTOMOBILES REUNION;BOURSIER Estelle;212348;212348;81.26;54.04;0.25;0.25;0;0.00%;0;0;0.00;0.00;0.00;0.00;0;0.00%;0.00%;0.00%; 1PULSION HAB / GRAND ANGLE / MASTHEAD / INTERSTIT
AUTOMOBILE REUNION - 75145;2021 - ASB - INTERSTITIEL AR/LINFO/DTJ/OR - 1PULSION HP - Exclu;Confirmée;Non;31/01/2022;31/01/2022;31/01/2022;31/01/2022;AUTOMOBILES REUNION;BOURSIER Estelle;253716;253716;278.64;198.77;0.78;0.78;0;0.00%;0;0;0.00;0.00;0.00;0.00;0;0.00%;0.00%;0.00%;1PULSION HAB. / GRAND ANGLE/MASTHEAD/INTERSTITIEL
AUTOMOBILE REUNION - 75145;2021 - ASB - GRAND ANGLE - 1PULSION HP - AR/LINFO/DTJ/OR;Confirmée;Non;31/01/2022;31/01/2022;31/01/2022;31/01/2022;AUTOMOBILES REUNION;BOURSIER Estelle;253716;253716;391.20;226.49;0.89;0.89;0;0.00%;0;0;0.00;0.00;0.00;0.00;0;0.00%;0.00%;0.00%;1PULSION HAB. / GRAND ANGLE/MASTHEAD/INTERSTITIEL
AUTOMOBILE REUNION - 75145;2021 - ASB - MASTHEAD AR/LINFO/DTJ - 1PULSION HP - Exclu;Confirmée;Non;31/01/2022;31/01/2022;31/01/2022;31/01/2022;AUTOMOBILES REUNION;BOURSIER Estelle;252874;252874;298.90;185.30;0.73;0.73;0;0.00%;0;0;0.00;0.00;0.00;0.00;0;0.00%;0.00%;0.00%;1PULSION HAB. / GRAND ANGLE/MASTHEAD/INTERSTITIEL
AUTOMOBILE REUNION - 75145;2021 - ASB - HAB AR/LINFO/DTJ - 1PULSION HP - Exclu;Confirmée;Non;31/01/2022;31/01/2022;31/01/2022;31/01/2022;AUTOMOBILES REUNION;BOURSIER Estelle;233364;233364;81.26;54.04;0.23;0.23;0;0.00%;0;0;0.00;0.00;0.00;0.00;0;0.00%;0.00%;0.00%;1PULSION HAB. / GRAND ANGLE/MASTHEAD/INTERSTITIEL
BABYCHOU VU SUR ANTENNE - 75077;2020 - RG RECTANGLE - 2020 - RECTANGLE;Confirmée;Oui;17/01/2022;21/01/2022;17/01/2022;21/01/2022;LES MARMAILLES;GOULAMHOUSSEN Abdealy;72000;72000;345.60;240.00;3.33;3.33;0;0.00%;0;0;0.00;0.00;0.00;0.00;0;0.00%;0.00%;0.00%;
BABYCHOU VU SUR ANTENNE - 75077;2020 - RG RECTANGLE APPLI - 2020 - RECTANGLE APPLI;Confirmée;Oui;17/01/2022;21/01/2022;17/01/2022;21/01/2022;LES MARMAILLES;GOULAMHOUSSEN Abdealy;78000;78000;374.40;260.00;3.33;3.33;0;0.00%;0;0;0.00;0.00;0.00;0.00;0;0.00%;0.00%;0.00%;
BABYCHOU VU SUR ANTENNE - 75702;production executive;Confirmée;Non;17/01/2022;17/01/2022;17/01/2022;17/01/2022;LES MARMAILLES;GOULAMHOUSSEN Abdealy;0;0;160.00;160.00;0.00;0.00;0;0.00%;0;0;160.00;160.00;0.00;0.00;0;0.00%;0.00%;0.00%;
BABYCHOU VU SUR ANTENNE - 75702;production vo;Confirmée;Non;17/01/2022;17/01/2022;17/01/2022;17/01/2022;LES MARMAILLES;GOULAMHOUSSEN Abdealy;0;0;40.00;40.00;0.00;0.00;0;0.00%;0;0;40.00;40.00;0.00;0.00;0;0.00%;0.00%;0.00%;
BEPANTHEN - 75339;2021-RG-INSTREAM /AR/LINFO/OR/DTJ/TF1/M6/DM - 22S;Confirmée;Oui;04/01/2022;28/03/2022;04/01/2022;28/03/2022;BAYER HEALTH CARE;TF1 TF1;24175;24175;531.85;480.00;19.86;19.86;0;0.00%;24175;24175;531.85;480.00;19.86;19.86;0;0.00%;100.00%;646.15%;
BEPANTHEN - 75339;2021-RG-INSTREAM /AR/LINFO/OR/DTJ/TF1/M6/DM-10S;Confirmée;Oui;04/01/2022;28/03/2022;04/01/2022;28/03/2022;BAYER HEALTH CARE;TF1 TF1;16117;16117;354.57;320.00;19.85;19.85;0;0.00%;16117;16117;354.57;320.00;19.85;19.85;0;0.00%;100.00%;646.15%;
BERROCA - 75322;2021-INSTREAM-RG/AR/LINFO/TF1/M6/DM;Confirmée;Oui;03/01/2022;15/03/2022;03/01/2022;15/03/2022;BAYER HEALTH CARE;TF1 TF1;113322;113322;2493.08;2500.00;22.06;22.06;0;0.00%;0;0;0.00;0.00;0.00;0.00;0;0.00%;0.00%;0.00%;
BOURBON PIECES AUTO - 75783;INTERSTITIEL RG - SITE - RESEAU ASB;Confirmée;Non;14/02/2022;20/02/2022;14/02/2022;20/02/2022;BPA AUTOMOBILES ;CATHERINE Kevin;136341;136341;2045.12;1360.00;9.98;9.97;0;0.00%;0;0;0.00;0.00;0.00;0.00;0;0.00%;0.00%;0.00%;
BOURBON PIECES AUTO - 75783;INTERSTITIEL RG - APPLI - RESEAU ASB;Confirmée;Non;14/02/2022;20/02/2022;14/02/2022;20/02/2022;BPA AUTOMOBILES ;CATHERINE Kevin;64160;64160;962.40;640.00;9.98;9.98;0;0.00%;0;0;0.00;0.00;0.00;0.00;0;0.00%;0.00%;0.00%;
BSOI 974 VU SUR ANTENNE - 75311;2020 - RG RECTANGLE - 2020 - RECTANGLE;Confirmée;Oui;03/01/2022;07/01/2022;03/01/2022;07/01/2022;BSOI 974;GOULAMHOUSSEN Abdealy;72000;72000;345.60;240.00;3.33;3.33;0;0.00%;0;0;0.00;0.00;0.00;0.00;0;0.00%;0.00%;0.00%;
BSOI 974 VU SUR ANTENNE - 75311;2020 - RG RECTANGLE APPLI - 2020 - RECTANGLE APPLI;Confirmée;Oui;03/01/2022;07/01/2022;03/01/2022;07/01/2022;BSOI 974;GOULAMHOUSSEN Abdealy;78000;78000;374.40;260.00;3.33;3.33;0;0.00%;0;0;0.00;0.00;0.00;0.00;0;0.00%;0.00%;0.00%;
BSOI 974 VU SUR ANTENNE - 75315;PRODUCTION EXECUTIVE;Confirmée;Non;03/01/2022;03/01/2022;03/01/2022;03/01/2022;BSOI 974;GOULAMHOUSSEN Abdealy;0;0;160.00;160.00;0.00;0.00;0;0.00%;0;0;160.00;160.00;0.00;0.00;0;0.00%;0.00%;0.00%;
BSOI 974 VU SUR ANTENNE - 75315;PRODUCTION VO;Confirmée;Non;03/01/2022;03/01/2022;03/01/2022;03/01/2022;BSOI 974;GOULAMHOUSSEN Abdealy;0;0;40.00;40.00;0.00;0.00;0;0.00%;0;0;40.00;40.00;0.00;0.00;0;0.00%;0.00%;0.00%;
BURGER KING PARR METEO - 75589;PORTAIL ART 2014 /Linfo/Services/Météo. /Linfo/Services/Météo. /Linfo/Services/Météo. /Linfo/Services/Météo. /Programmes/Info & Mag/Météo. /Programmes/Info & Mag/Météo. /Programmes/Info & Mag/Météo - Logo - Taille Variable - Exclu;Confirmée;Non;01/01/2022;31/01/2022;01/01/2022;31/01/2022;S2FOI BURGER KING;CATHERINE Kevin;0;0;66.66;66.66;0.00;0.00;0;0.00%;0;0;0.00;0.00;0.00;0.00;0;0.00%;0.00%;0.00%;
BURGER KING PARR METEO - 75589;PORTAIL ART 2014 /Linfo/Services/Météo. /Programmes/Info & Mag/Météo - Mégabanniére - 728x90 - Exclu;Confirmée;Non;01/01/2022;31/01/2022;01/01/2022;31/01/2022;S2FOI BURGER KING;CATHERINE Kevin;0;0;66.67;66.67;0.00;0.00;0;0.00%;0;0;0.00;0.00;0.00;0.00;0;0.00%;0.00%;0.00%;
BURGER KING PARR METEO - 75589;PORTAIL ART 2014 /Linfo/Services/Météo. /Programmes/Info & Mag/Météo - Rectangle - 300x250 - Exclu;Confirmée;Non;01/01/2022;31/01/2022;01/01/2022;31/01/2022;S2FOI BURGER KING;CATHERINE Kevin;0;0;66.67;66.67;0.00;0.00;0;0.00%;0;0;0.00;0.00;0.00;0.00;0;0.00%;0.00%;0.00%;
BURGER KING PARR METEO - 75589;PORTAIL ART 2014 /Linfo/Services/Météo. /Programmes/Info & Mag/Météo - Habillage - Taille variable selon le site - Exclu;Confirmée;Non;01/01/2022;31/01/2022;01/01/2022;31/01/2022;S2FOI BURGER KING;CATHERINE Kevin;0;0;300.00;300.00;0.00;0.00;0;0.00%;0;0;0.00;0.00;0.00;0.00;0;0.00%;0.00%;0.00%;
CANAL - 74259;2020 - RG - INSTREAM -  15s - AR/LINFO/TF1/M6/DAILYMOTION;Confirmée;Oui;31/12/2021;09/01/2022;31/12/2021;09/01/2022;CANAL+ REUNION;BOSC Florent;33500;33500;737.00;525.00;15.67;15.67;0;0.00%;33500;33500;737.00;525.00;15.67;15.67;0;0.00%;100.00%;100.00%;
CANAL - 74259;2020 - RG - INSTREAM - 8s - AR/LINFO/TF1/M6/DAILYMOTION;Confirmée;Oui;03/01/2022;16/01/2022;03/01/2022;16/01/2022;CANAL+ REUNION;BOSC Florent;100000;100000;2200.00;1504.80;15.05;15.05;0;0.00%;100000;100000;2200.00;1504.80;15.05;15.05;0;0.00%;100.00%;100.00%;
CANAL - 74300;2020  - RG - INSTREAM - 15s/6s - AR/LINFO/TF1/M6/DAILYMOTION;Confirmée;Oui;03/01/2022;16/01/2022;03/01/2022;16/01/2022;CANAL+ REUNION;BOSC Florent;82996;82996;1825.91;1250.00;15.06;15.06;0;0.00%;0;0;0.00;0.00;0.00;0.00;0;0.00%;0.00%;0.00%;
CARGLASS PARR METEO - 75579;SM_ANTENNEREUNION series_et_fictions//series_et_fictions/telefilms_de_noel - 2020 - RECTANGLE - Exclu;Confirmée;Oui;01/01/2022;31/01/2022;01/01/2022;31/01/2022;KOREGLASS OI;BOURSIER Estelle;18457;18457;66.67;66.67;3.61;3.61;0;0.00%;10557;10557;66.67;66.67;6.32;6.32;0;0.00%;57.20%;110.82%;
CARGLASS PARR METEO - 75579;SM_ANTENNEREUNION series_et_fictions//series_et_fictions/telefilms_de_noel - 2020 - MASTHEAD - Exclu;Confirmée;Non;01/01/2022;31/01/2022;01/01/2022;31/01/2022;KOREGLASS OI;BOURSIER Estelle;12052;12052;66.67;66.67;5.53;5.53;0;0.00%;4152;4152;66.67;66.67;16.06;16.06;0;0.00%;34.45%;66.75%;
CARGLASS PARR METEO - 75579;SM_ANTENNEREUNION series_et_fictions//series_et_fictions/telefilms_de_noel - 2020 - LOGO - Exclu;Confirmée;Oui;01/01/2022;31/01/2022;01/01/2022;31/01/2022;KOREGLASS OI;BOURSIER Estelle;18457;18457;66.66;66.66;3.61;3.61;0;0.00%;10557;10557;66.66;66.66;6.31;6.31;0;0.00%;57.20%;110.82%;
CARGLASS PARR METEO - 75579;SM_ANTENNEREUNION series_et_fictions//series_et_fictions/telefilms_de_noel - 2020 - HABILLAGE - Exclu;Confirmée;Non;01/01/2022;31/01/2022;01/01/2022;31/01/2022;KOREGLASS OI;BOURSIER Estelle;12052;12052;300.00;300.00;24.89;24.89;0;0.00%;4152;4152;300.00;300.00;72.25;72.25;0;0.00%;34.45%;66.75%;
CARREFOUR - 75991;GRAND ANGLE RG - APPLI - RESEAU ASB;Réservée;Non;28/01/2022;06/02/2022;28/01/2022;06/02/2022;VINDEMIA DISTRIBUTION;AUFFRET Jerome;322400;322400;1612.00;1042.60;3.23;3.23;0;0.00%;0;0;0.00;0.00;0.00;0.00;0;0.00%;0.00%;0.00%;2021 RESEAU ASB GRAND ANGLE RG AR/LINFO/DTJ/OR
CARREFOUR - 75991;GRAND ANGLE RG - SITE - RESEAU ASB;Réservée;Non;28/01/2022;06/02/2022;28/01/2022;06/02/2022;VINDEMIA DISTRIBUTION;AUFFRET Jerome;297600;297600;1488.00;962.40;3.23;3.23;0;0.00%;0;0;0.00;0.00;0.00;0.00;0;0.00%;0.00%;0.00%;2021 RESEAU ASB GRAND ANGLE RG AR/LINFO/DTJ/OR
CARREFOUR - 75991;INTERSTITIEL RG - SITE - RESEAU ASB;Réservée;Non;28/01/2022;03/02/2022;28/01/2022;03/02/2022;VINDEMIA DISTRIBUTION;AUFFRET Jerome;136000;136000;2040.00;1356.60;9.98;9.98;0;0.00%;0;0;0.00;0.00;0.00;0.00;0;0.00%;0.00%;0.00%;2021 RESEAU ASB INTERSTITIEL RG AR/LINFO/DTJ/OR
CARREFOUR - 75991;INTERSTITIEL RG - APPLI - RESEAU ASB;Réservée;Non;28/01/2022;03/02/2022;28/01/2022;03/02/2022;VINDEMIA DISTRIBUTION;AUFFRET Jerome;64000;64000;960.00;638.40;9.98;9.98;0;0.00%;0;0;0.00;0.00;0.00;0.00;0;0.00%;0.00%;0.00%;2021 RESEAU ASB INTERSTITIEL RG AR/LINFO/DTJ/OR
CARREFOUR - 76144;GRAND ANGLE RZ - SITE - RESEAU ASB;Réservée;Non;01/02/2022;31/12/2022;01/02/2022;31/12/2022;CARREFOUR (Sainte Suzanne);AUFFRET Jerome;1927498;1927498;4436.66;4436.66;2.30;2.30;0;0.00%;0;0;0.00;0.00;0.00;0.00;0;0.00%;0.00%;0.00%;
CARREFOUR - 76144;PUSH RZ - APPLI - RESEAU ASB;Réservée;Non;01/02/2022;31/12/2022;01/02/2022;31/12/2022;CARREFOUR (Sainte Suzanne);AUFFRET Jerome;29166117;29166117;4436.67;4436.67;0.15;0.15;0;0.00%;0;0;0.00;0.00;0.00;0.00;0;0.00%;0.00%;0.00%;
CARREFOUR - 76144;INTERTITIEL RZ - SITE - RESEAU ASB;Réservée;Non;01/02/2022;31/12/2022;01/02/2022;31/12/2022;CARREFOUR (Sainte Suzanne);AUFFRET Jerome;1927498;1927498;3016.93;3016.93;1.57;1.57;0;0.00%;0;0;0.00;0.00;0.00;0.00;0;0.00%;0.00%;0.00%;2021 RESEAU ASB RODZAFER INTERSTITIEL SITE + APPLI
CARREFOUR - 76144;INTERTITIEL RZ - APPLI - RESEAU ASB;Réservée;Non;01/02/2022;31/12/2022;01/02/2022;31/12/2022;CARREFOUR (Sainte Suzanne);AUFFRET Jerome;29166117;29166117;1419.74;1419.74;0.05;0.05;0;0.00%;0;0;0.00;0.00;0.00;0.00;0;0.00%;0.00%;0.00%;2021 RESEAU ASB RODZAFER INTERSTITIEL SITE + APPLI
CARREFOUR - 76146;PUSH RZ - APPLI - RESEAU ASB;Réservée;Non;15/01/2022;31/01/2022;15/01/2022;31/01/2022;CARREFOUR (Sainte Suzanne);AUFFRET Jerome;3324118;3324118;600.00;600.00;0.18;0.18;0;0.00%;0;0;0.00;0.00;0.00;0.00;0;0.00%;0.00%;0.00%;
CARREFOUR - 76146;INTERTITIEL RZ - APPLI - RESEAU ASB;Réservée;Non;15/01/2022;31/01/2022;15/01/2022;31/01/2022;CARREFOUR (Sainte Suzanne);AUFFRET Jerome;3324118;3324118;195.20;195.20;0.06;0.06;0;0.00%;0;0;0.00;0.00;0.00;0.00;0;0.00%;0.00%;0.00%;2021 RESEAU ASB RODZAFER INTERSTITIEL SITE + APPLI
CARREFOUR - 76146;INTERTITIEL RZ - SITE - RESEAU ASB;Réservée;Non;15/01/2022;31/01/2022;15/01/2022;31/01/2022;CARREFOUR (Sainte Suzanne);AUFFRET Jerome;255480;255480;414.80;414.80;1.62;1.62;0;0.00%;0;0;0.00;0.00;0.00;0.00;0;0.00%;0.00%;0.00%;2021 RESEAU ASB RODZAFER INTERSTITIEL SITE + APPLI
CASH PISCINE - 76002;PUSH RZ - APPLI - RESEAU ASB;Confirmée;Non;18/01/2022;18/01/2022;18/01/2022;18/01/2022;CPBA EURL;AUFFRET Jerome;465747;465747;500.00;500.00;1.07;1.07;0;0.00%;240358;240358;500.00;500.00;2.08;2.08;0;0.00%;51.61%;0.00%;
CASH PISCINE - 76002;CATALOGUE OFFERT RZ - APPLI - RESEAU ASB;Confirmée;Non;18/01/2022;18/01/2022;18/01/2022;18/01/2022;CPBA EURL;AUFFRET Jerome;465747;465747;0.00;0.00;0.00;0.00;0;0.00%;240358;240358;0.00;0.00;0.00;0.00;0;0.00%;51.61%;0.00%;
CAVES 20/20 - 74284;DIFFUSION CATALOGUE RZ OFFERT;Confirmée;Non;25/11/2021;02/01/2022;25/11/2021;02/01/2022;BOURBON CONSEIL;CATHERINE Kevin;0;0;350.00;0.00;0.00;0.00;0;0.00%;0;0;350.00;0.00;0.00;0.00;0;0.00%;0.00%;0.00%;
CAVES 20/20 - 74284;PUSH RZ;Confirmée;Non;25/11/2021;02/01/2022;25/11/2021;02/01/2022;BOURBON CONSEIL;CATHERINE Kevin;0;0;500.00;500.00;0.00;0.00;0;0.00%;0;0;500.00;500.00;0.00;0.00;0;0.00%;0.00%;0.00%;
CHATEAU D'AX - 75207;2020 - RG INTERSTITIEL - 2020 - INTERSTITIEL;Réservée;Non;02/01/2022;09/01/2022;02/01/2022;09/01/2022;MOBILIO SARL;BONJOUR Cyrille;68000;68000;1020.00;714.00;10.50;10.50;0;0.00%;0;0;0.00;0.00;0.00;0.00;0;0.00%;0.00%;0.00%;2021 RESEAU ASB INTERSTITIEL RG AR/LINFO/DTJ/OR
CHATEAU D'AX - 75207;2020 - RG INTERSTITIEL APPLI - 2020 - INTERSTITIEL APPLI;Réservée;Non;02/01/2022;09/01/2022;02/01/2022;09/01/2022;MOBILIO SARL;BONJOUR Cyrille;32000;32000;480.00;336.00;10.50;10.50;0;0.00%;0;0;0.00;0.00;0.00;0.00;0;0.00%;0.00%;0.00%;2021 RESEAU ASB INTERSTITIEL RG AR/LINFO/DTJ/OR
CHATEAU D'AX - 76107;INTERSTITIEL RG - SITE - RESEAU ASB;Réservée;Non;05/02/2022;14/02/2022;05/02/2022;14/02/2022;MOBILIO SARL;BONJOUR Cyrille;85000;85000;1275.00;892.50;10.50;10.50;0;0.00%;0;0;0.00;0.00;0.00;0.00;0;0.00%;0.00%;0.00%;2021 RESEAU ASB INTERSTITIEL RG AR/LINFO/DTJ/OR
CHATEAU D'AX - 76107;INTERSTITIEL RG - APPLI - RESEAU ASB;Réservée;Non;05/02/2022;14/02/2022;05/02/2022;14/02/2022;MOBILIO SARL;BONJOUR Cyrille;40000;40000;600.00;420.00;10.50;10.50;0;0.00%;0;0;0.00;0.00;0.00;0.00;0;0.00%;0.00%;0.00%;2021 RESEAU ASB INTERSTITIEL RG AR/LINFO/DTJ/OR
CIRRUS - 75298;CIRRUS - INTERSTITIEL - RG APP ASB;Confirmée;Non;29/01/2022;02/02/2022;29/01/2022;02/02/2022;CIRRUS ;BOURSIER Estelle;40635;40635;609.53;384.00;9.45;9.45;0;0.00%;0;0;0.00;0.00;0.00;0.00;0;0.00%;0.00%;0.00%;CIRRUS - INTERSTITEL RG ASB - VAGUE 01
CIRRUS - 75298;CIRRUS - INTERSTITIEL - RG SITES ASB;Confirmée;Non;29/01/2022;02/02/2022;29/01/2022;02/02/2022;CIRRUS ;BOURSIER Estelle;86349;86349;1295.24;816.00;9.45;9.45;0;0.00%;0;0;0.00;0.00;0.00;0.00;0;0.00%;0.00%;0.00%;CIRRUS - INTERSTITEL RG ASB - VAGUE 01
CIRRUS - 75298;CIRRUS - INTERSTITIEL - RG APP ASB;Confirmée;Non;26/02/2022;02/03/2022;26/02/2022;02/03/2022;CIRRUS ;BOURSIER Estelle;40635;40635;609.53;384.00;9.45;9.45;0;0.00%;0;0;0.00;0.00;0.00;0.00;0;0.00%;0.00%;0.00%;CIRRUS - INTERSTITEL RG ASB - VAGUE 02
CIRRUS - 75298;CIRRUS - INTERSTITIEL - RG SITES ASB;Confirmée;Non;26/02/2022;02/03/2022;26/02/2022;02/03/2022;CIRRUS ;BOURSIER Estelle;86349;86349;1295.24;816.00;9.45;9.45;0;0.00%;0;0;0.00;0.00;0.00;0.00;0;0.00%;0.00%;0.00%;CIRRUS - INTERSTITEL RG ASB - VAGUE 02
CIRRUS - 75298;CIRRUS - INTERSTITIEL - RG APP ASB;Confirmée;Non;26/03/2022;30/03/2022;26/03/2022;30/03/2022;CIRRUS ;BOURSIER Estelle;40635;40635;609.53;384.00;9.45;9.45;0;0.00%;0;0;0.00;0.00;0.00;0.00;0;0.00%;0.00%;0.00%;CIRRUS - INTERSTITEL RG ASB - VAGUE 03
CIRRUS - 75298;CIRRUS - INTERSTITIEL - RG SITES ASB;Confirmée;Non;26/03/2022;30/03/2022;26/03/2022;30/03/2022;CIRRUS ;BOURSIER Estelle;86349;86349;1295.24;816.00;9.45;9.45;0;0.00%;0;0;0.00;0.00;0.00;0.00;0;0.00%;0.00%;0.00%;CIRRUS - INTERSTITEL RG ASB - VAGUE 03
CIRRUS - 75298;CIRRUS - INTERSTITIEL - RG APP ASB;Confirmée;Non;30/04/2022;04/05/2022;30/04/2022;04/05/2022;CIRRUS ;BOURSIER Estelle;40635;40635;609.53;384.00;9.45;9.45;0;0.00%;0;0;0.00;0.00;0.00;0.00;0;0.00%;0.00%;0.00%;CIRRUS - INTERSTITEL RG ASB - VAGUE 04
CIRRUS - 75298;CIRRUS - INTERSTITIEL - RG SITES ASB;Confirmée;Non;30/04/2022;04/05/2022;30/04/2022;04/05/2022;CIRRUS ;BOURSIER Estelle;86349;86349;1295.24;816.00;9.45;9.45;0;0.00%;0;0;0.00;0.00;0.00;0.00;0;0.00%;0.00%;0.00%;CIRRUS - INTERSTITEL RG ASB - VAGUE 04
CIRRUS - 75298;CIRRUS - INTERSTITIEL - RG APP ASB;Confirmée;Non;27/05/2022;01/06/2022;27/05/2022;01/06/2022;CIRRUS ;BOURSIER Estelle;40635;40635;609.53;384.00;9.45;9.45;0;0.00%;0;0;0.00;0.00;0.00;0.00;0;0.00%;0.00%;0.00%;CIRRUS - INTERSTITEL RG ASB - VAGUE 05
CIRRUS - 75298;CIRRUS - INTERSTITIEL - RG SITES ASB;Confirmée;Non;27/05/2022;01/06/2022;27/05/2022;01/06/2022;CIRRUS ;BOURSIER Estelle;86349;86349;1295.24;816.00;9.45;9.45;0;0.00%;0;0;0.00;0.00;0.00;0.00;0;0.00%;0.00%;0.00%;CIRRUS - INTERSTITEL RG ASB - VAGUE 05
CIRRUS - 75298;CIRRUS - INTERSTITIEL - RG APP ASB;Confirmée;Non;25/06/2022;29/06/2022;25/06/2022;29/06/2022;CIRRUS ;BOURSIER Estelle;40635;40635;609.53;384.00;9.45;9.45;0;0.00%;0;0;0.00;0.00;0.00;0.00;0;0.00%;0.00%;0.00%;CIRRUS - INTERSTITEL RG ASB - VAGUE 06
CIRRUS - 75298;CIRRUS - INTERSTITIEL - RG SITES ASB;Confirmée;Non;25/06/2022;29/06/2022;25/06/2022;29/06/2022;CIRRUS ;BOURSIER Estelle;86349;86349;1295.24;816.00;9.45;9.45;0;0.00%;0;0;0.00;0.00;0.00;0.00;0;0.00%;0.00%;0.00%;CIRRUS - INTERSTITEL RG ASB - VAGUE 06
CIRRUS - 75298;CIRRUS - INTERSTITIEL - RG APP ASB;Confirmée;Non;30/07/2022;03/08/2022;30/07/2022;03/08/2022;CIRRUS ;BOURSIER Estelle;40635;40635;609.53;384.00;9.45;9.45;0;0.00%;0;0;0.00;0.00;0.00;0.00;0;0.00%;0.00%;0.00%;CIRRUS - INTERSTITEL RG ASB - VAGUE 07
CIRRUS - 75298;CIRRUS - INTERSTITIEL - RG SITES ASB;Confirmée;Non;30/07/2022;03/08/2022;30/07/2022;03/08/2022;CIRRUS ;BOURSIER Estelle;86349;86349;1295.24;816.00;9.45;9.45;0;0.00%;0;0;0.00;0.00;0.00;0.00;0;0.00%;0.00%;0.00%;CIRRUS - INTERSTITEL RG ASB - VAGUE 07
CIRRUS - 75298;CIRRUS - INTERSTITIEL - RG APP ASB;Confirmée;Non;27/08/2022;31/08/2022;27/08/2022;31/08/2022;CIRRUS ;BOURSIER Estelle;40635;40635;609.53;384.00;9.45;9.45;0;0.00%;0;0;0.00;0.00;0.00;0.00;0;0.00%;0.00%;0.00%;CIRRUS - INTERSTITEL RG ASB - VAGUE 08
CIRRUS - 75298;CIRRUS - INTERSTITIEL - RG SITES ASB;Confirmée;Non;27/08/2022;31/08/2022;27/08/2022;31/08/2022;CIRRUS ;BOURSIER Estelle;86349;86349;1295.24;816.00;9.45;9.45;0;0.00%;0;0;0.00;0.00;0.00;0.00;0;0.00%;0.00%;0.00%;CIRRUS - INTERSTITEL RG ASB - VAGUE 08
CIRRUS - 75298;CIRRUS - INTERSTITIEL - RG APP ASB;Confirmée;Non;30/09/2022;04/10/2022;30/09/2022;04/10/2022;CIRRUS ;BOURSIER Estelle;40635;40635;609.53;384.00;9.45;9.45;0;0.00%;0;0;0.00;0.00;0.00;0.00;0;0.00%;0.00%;0.00%;CIRRUS - INTERSTITEL RG ASB - VAGUE 09
CIRRUS - 75298;CIRRUS - INTERSTITIEL - RG SITES ASB;Confirmée;Non;30/09/2022;04/10/2022;30/09/2022;04/10/2022;CIRRUS ;BOURSIER Estelle;86349;86349;1295.24;816.00;9.45;9.45;0;0.00%;0;0;0.00;0.00;0.00;0.00;0;0.00%;0.00%;0.00%;CIRRUS - INTERSTITEL RG ASB - VAGUE 09
CIRRUS - 75298;CIRRUS - INTERSTITIEL - RG SITES ASB;Confirmée;Non;29/10/2022;02/11/2022;29/10/2022;02/11/2022;CIRRUS ;BOURSIER Estelle;86349;86349;1295.24;816.00;9.45;9.45;0;0.00%;0;0;0.00;0.00;0.00;0.00;0;0.00%;0.00%;0.00%;CIRRUS - INTERSTITIEL RG ASB - VAGUE 10
CIRRUS - 75298;CIRRUS - INTERSTITIEL - RG APP ASB;Confirmée;Non;29/10/2022;02/11/2022;29/10/2022;02/11/2022;CIRRUS ;BOURSIER Estelle;40635;40635;609.53;384.00;9.45;9.45;0;0.00%;0;0;0.00;0.00;0.00;0.00;0;0.00%;0.00%;0.00%;CIRRUS - INTERSTITIEL RG ASB - VAGUE 10
CIRRUS - 75298;CIRRUS - INTERSTITIEL - RG SITES ASB;Confirmée;Non;26/11/2022;30/11/2022;26/11/2022;30/11/2022;CIRRUS ;BOURSIER Estelle;86349;86349;1295.24;816.00;9.45;9.45;0;0.00%;0;0;0.00;0.00;0.00;0.00;0;0.00%;0.00%;0.00%;CIRRUS - INTERSTITIEL RG ASB - VAGUE 11
CIRRUS - 75298;CIRRUS - INTERSTITIEL - RG APP ASB;Confirmée;Non;26/11/2022;30/11/2022;26/11/2022;30/11/2022;CIRRUS ;BOURSIER Estelle;40635;40635;609.53;384.00;9.45;9.45;0;0.00%;0;0;0.00;0.00;0.00;0.00;0;0.00%;0.00%;0.00%;CIRRUS - INTERSTITIEL RG ASB - VAGUE 11
CIRRUS - 75298;CIRRUS - INTERSTITIEL - RG APP ASB;Confirmée;Non;30/12/2022;03/01/2023;30/12/2022;03/01/2023;CIRRUS ;BOURSIER Estelle;40635;40635;609.53;384.00;9.45;9.45;0;0.00%;0;0;0.00;0.00;0.00;0.00;0;0.00%;0.00%;0.00%;CIRRUS - INTERSTITIEL RG ASB - VAGUE 12
CITEO - 75651;2020 - RG INSTREAM - 15s - AR/LINFO/TF1/M6/DM;Réservée;Non;14/03/2022;20/03/2022;14/03/2022;20/03/2022;CITEO;AUFFRET Jerome;96000;96000;2112.00;1700.00;17.71;17.71;0;0.00%;0;0;0.00;0.00;0.00;0.00;0;0.00%;0.00%;0.00%;
CITEO - 75893;2020 - RG INSTREAM 15s  AR/LINFO/TF1/M6/DM;Réservée;Non;14/11/2022;20/11/2022;14/11/2022;20/11/2022;CITEO;AUFFRET Jerome;96000;96000;2112.00;1700.00;17.71;17.71;0;0.00%;0;0;0.00;0.00;0.00;0.00;0;0.00%;0.00%;0.00%;
CITEO - 75894;2020 - RG INSTREAM 15s AR/LINFO/TF1/M6/DM;Réservée;Non;14/07/2022;20/07/2022;14/07/2022;20/07/2022;CITEO;AUFFRET Jerome;96000;96000;2112.00;1700.00;17.71;17.71;0;0.00%;96000;96000;2112.00;1700.00;17.71;17.71;0;0.00%;100.00%;0.00%;
CITEO - 75895;2020 - RG INSTREAM 15s AR/LINFO/TF1/M6/DM;Réservée;Non;14/05/2022;20/05/2022;14/05/2022;20/05/2022;CITEO;AUFFRET Jerome;96000;96000;2112.00;1700.00;17.71;17.71;0;0.00%;0;0;0.00;0.00;0.00;0.00;0;0.00%;0.00%;0.00%;
COLIPAYS PARR MEILLEUR PATISSIER - 73081;SM_ANTENNEREUNION emissions/emissions/le_meilleur_patissier - 2020 - MASTHEAD - Exclu;Confirmée;Non;29/10/2021;28/01/2022;29/10/2021;28/01/2022;COLIPAYS REUNION;BOURSIER Estelle;112890;112890;45.00;45.00;0.40;0.40;0;0.00%;93190;93190;45.00;45.00;0.96;0.48;0;0.00%;82.55%;94.93%;
COLIPAYS PARR MEILLEUR PATISSIER - 73081;SM_ANTENNEREUNION emissions/emissions/le_meilleur_patissier - 2020 - RECTANGLE - Exclu;Confirmée;Oui;29/10/2021;28/01/2022;29/10/2021;28/01/2022;COLIPAYS REUNION;BOURSIER Estelle;112890;112890;45.00;45.00;0.40;0.40;0;0.00%;93190;93190;45.00;45.00;0.96;0.48;0;0.00%;82.55%;94.93%;
COLIPAYS PARR MEILLEUR PATISSIER - 73081;SM_ANTENNEREUNION emissions/emissions/le_meilleur_patissier - 2020 - HABILLAGE - Exclu;Confirmée;Non;29/10/2021;28/01/2022;29/10/2021;28/01/2022;COLIPAYS REUNION;BOURSIER Estelle;112890;112890;240.00;240.00;2.13;2.13;0;0.00%;93190;93190;240.00;240.00;5.11;2.58;0;0.00%;82.55%;94.93%;
COLIPAYS PARR MEILLEUR PATISSIER - 73081;SM_ANTENNEREUNION emissions/emissions/le_meilleur_patissier - 2020 - LOGO - Exclu;Confirmée;Oui;29/10/2021;28/01/2022;29/10/2021;28/01/2022;COLIPAYS REUNION;BOURSIER Estelle;112890;112890;45.00;45.00;0.40;0.40;0;0.00%;93190;93190;45.00;45.00;0.96;0.48;0;0.00%;82.55%;94.93%;
CONFORAMA - 75844;INTERSTITIEL RG - SITE - RESEAU ASB;Confirmée;Oui;10/01/2022;21/01/2022;10/01/2022;21/01/2022;RIDIS MAGASIN CONFORAMA ;BONJOUR Cyrille;204000;204000;3060.00;1632.00;8.00;8.00;0;0.00%;0;0;0.00;0.00;0.00;0.00;0;0.00%;0.00%;0.00%;
CONFORAMA - 75844;INTERSTITIEL RG - APPLI - RESEAU ASB;Confirmée;Oui;10/01/2022;21/01/2022;10/01/2022;21/01/2022;RIDIS MAGASIN CONFORAMA ;BONJOUR Cyrille;96000;96000;1440.00;768.00;8.00;8.00;0;0.00%;0;0;0.00;0.00;0.00;0.00;0;0.00%;0.00%;0.00%;
CORSAIR - 75771;2021-RESEAU ASB-INSTREAM RG/AR/LINFO/OR/DTJ/TF1/M6/DM;Confirmée;Oui;13/01/2022;18/01/2022;13/01/2022;18/01/2022;CORSAIR;BOURSIER Estelle;100000;100000;2200.00;1771.00;17.71;17.71;0;0.00%;0;0;0.00;0.00;0.00;0.00;0;0.00%;0.00%;0.00%;
COUCHE AND CO - 71257;DECEMBRE DIFFUSION ILLIMITEE CATALOGUES PENDANT 6 MOIS;Confirmée;Non;15/12/2021;14/01/2022;15/12/2021;14/01/2022;TOULET MEDICAL;CATHERINE Kevin;0;0;83.33;83.33;0.00;0.00;0;0.00%;0;0;83.33;83.33;0.00;0.00;0;0.00%;0.00%;0.00%;
COUCHE AND CO - 71257;JANVIER DIFFUSION ILLIMITEE CATALOGUES PENDANT 6 MOIS;Confirmée;Non;15/01/2022;14/02/2022;15/01/2022;14/02/2022;TOULET MEDICAL;CATHERINE Kevin;0;0;83.33;83.33;0.00;0.00;0;0.00%;0;0;83.33;83.33;0.00;0.00;0;0.00%;0.00%;0.00%;
COUCHE AND CO - 71257;FEVRIER DIFFUSION ILLIMITEE CATALOGUES PENDANT 6 MOIS;Confirmée;Non;15/02/2022;14/03/2022;15/02/2022;14/03/2022;TOULET MEDICAL;CATHERINE Kevin;0;0;83.33;83.33;0.00;0.00;0;0.00%;0;0;83.33;83.33;0.00;0.00;0;0.00%;0.00%;0.00%;
COUCHE AND CO - 71257;MARSDIFFUSION ILLIMITEE CATALOGUES PENDANT 6 MOIS;Confirmée;Non;15/03/2022;15/04/2022;15/03/2022;15/04/2022;TOULET MEDICAL;CATHERINE Kevin;0;0;83.33;83.33;0.00;0.00;0;0.00%;0;0;83.33;83.33;0.00;0.00;0;0.00%;0.00%;0.00%;
DANONE BIO - 76106;INTERTITIEL RG - APPLI - RESEAU ASB;Réservée;Non;24/01/2022;06/02/2022;24/01/2022;06/02/2022;SORELAIT ;BOURSIER Estelle;44800;44800;672.00;446.88;9.98;9.98;0;0.00%;0;0;0.00;0.00;0.00;0.00;0;0.00%;0.00%;0.00%;2021 RESEAU ASB INTERTITIEL RG AR/LINFO/DTJ/OR
DANONE BIO - 76106;INTERTITIEL RG - SITE - RESEAU ASB;Réservée;Non;24/01/2022;06/02/2022;24/01/2022;06/02/2022;SORELAIT ;BOURSIER Estelle;95200;95200;1428.00;949.62;9.98;9.98;0;0.00%;0;0;0.00;0.00;0.00;0.00;0;0.00%;0.00%;0.00%;2021 RESEAU ASB INTERTITIEL RG AR/LINFO/DTJ/OR
DANONE BIO - 76116;CATALOGUE RZ - APPLI - RESEAU ASB;Réservée;Non;24/01/2022;31/12/2022;24/01/2022;31/12/2022;SORELAIT ;BOURSIER Estelle;30860301;30860301;1000.00;1000.00;0.03;0.03;0;0.00%;0;0;0.00;0.00;0.00;0.00;0;0.00%;0.00%;0.00%;
ESCAPADE PEI LABEL QTIR - 75340;8 PUBLICATIONS FACEBOOK;Confirmée;Non;21/12/2021;21/01/2022;21/12/2021;21/01/2022;ILE DE LA REUNION DU TOURISME;BOSC Florent;0;0;4000.00;0.00;0.00;0.00;0;0.00%;0;0;4000.00;0.00;0.00;0.00;0;0.00%;0.00%;0.00%;
ESCAPADE PEI LABEL QTIR - 75340;SM_ANTENNEREUNION - 2020 - HABILLAGE - Exclu;Confirmée;Non;21/12/2021;21/01/2022;21/12/2021;21/01/2022;ILE DE LA REUNION DU TOURISME;BOSC Florent;1603005;1603005;600.00;600.00;0.37;0.37;0;0.00%;0;0;0.00;0.00;0.00;0.00;0;0.00%;0.00%;0.00%;
ESCAPADE PEI LABEL QTIR - 75340;SM_ANTENNEREUNION - 2020 - LOGO - Exclu;Confirmée;Non;21/12/2021;21/01/2022;21/12/2021;21/01/2022;ILE DE LA REUNION DU TOURISME;BOSC Florent;1603005;1603005;133.34;133.34;0.08;0.08;0;0.00%;0;0;0.00;0.00;0.00;0.00;0;0.00%;0.00%;0.00%;
ESCAPADE PEI LABEL QTIR - 75340;SM_ANTENNEREUNION - 2020 - MASTHEAD - Exclu;Confirmée;Non;21/12/2021;21/01/2022;21/12/2021;21/01/2022;ILE DE LA REUNION DU TOURISME;BOSC Florent;1603005;1603005;133.34;133.34;0.08;0.08;0;0.00%;0;0;0.00;0.00;0.00;0.00;0;0.00%;0.00%;0.00%;
ESCAPADE PEI LABEL QTIR - 75340;SM_ANTENNEREUNION - 2020 - RECTANGLE - Exclu;Confirmée;Non;21/12/2021;21/01/2022;21/12/2021;21/01/2022;ILE DE LA REUNION DU TOURISME;BOSC Florent;1603005;1603005;133.32;133.32;0.08;0.08;0;0.00%;0;0;0.00;0.00;0.00;0.00;0;0.00%;0.00%;0.00%;
ETS PUBLIQUE DE SANTE MENTALE - 75338;2020 - RG INTERSTITIEL - 2020 - INTERSTITIEL;Confirmée;Oui;17/01/2022;23/01/2022;17/01/2022;23/01/2022;ETS PUBLIQUE DE SANTE MENTALE;BOURSIER Estelle;132553;132553;1988.30;1700.00;12.83;12.83;0;0.00%;0;0;0.00;0.00;0.00;0.00;0;0.00%;0.00%;0.00%;2021 RESEAU ASB INTERSTITIEL RG AR/LINFO/DTJ/OR
ETS PUBLIQUE DE SANTE MENTALE - 75338;2020 - RG INTERSTITIEL APPLI - 2020 - INTERSTITIEL APPLI;Confirmée;Oui;17/01/2022;23/01/2022;17/01/2022;23/01/2022;ETS PUBLIQUE DE SANTE MENTALE;BOURSIER Estelle;62378;62378;935.67;800.00;12.83;12.83;0;0.00%;0;0;0.00;0.00;0.00;0.00;0;0.00%;0.00%;0.00%;2021 RESEAU ASB INTERSTITIEL RG AR/LINFO/DTJ/OR
EUPHYTOSE NUIT - 75373;2021-RG-INSTREAM / AR/LINFO/OR/DTJ/TF1/M6/DM;Confirmée;Oui;10/01/2022;13/02/2022;10/01/2022;13/02/2022;BAYER HEALTH CARE;TF1 TF1;100730;100730;2216.06;2000.00;19.86;19.86;0;0.00%;0;0;0.00;0.00;0.00;0.00;0;0.00%;0.00%;0.00%;
EWA-AIR - 75626;2021-RG-GRAND ANGLE-DESK /LINFO/AR/DTJ/OR;Confirmée;Oui;25/12/2021;15/01/2022;25/12/2021;15/01/2022;EWA-AIR;BOSC Florent;112800;112800;564.00;504.00;4.47;4.47;0;0.00%;0;0;0.00;0.00;0.00;0.00;0;0.00%;0.00%;0.00%;
EWA-AIR - 75626;2021-RG-GRAND ANGLE-APPLI /LINFO/AR/DTJ/OR;Confirmée;Oui;25/12/2021;15/01/2022;25/12/2021;15/01/2022;EWA-AIR;BOSC Florent;122200;122200;611.00;496.00;4.06;4.06;0;0.00%;0;0;0.00;0.00;0.00;0.00;0;0.00%;0.00%;0.00%;
FDJ SMJG - 75723;2021-RG-INSTREAM /AR/LINFOOR/DTJ/TF1/M6/DM;Confirmée;Non;17/01/2022;21/01/2022;17/01/2022;21/01/2022;LA FRANCAISE DES JEUX;BONJOUR Cyrille;24000;24000;528.00;500.00;20.83;20.83;0;0.00%;0;0;0.00;0.00;0.00;0.00;0;0.00%;0.00%;0.00%;
FDJ SMJG - 75758;2021-RESEAU ASB-INSTREAM-RG 20S ET 6S /AR/LINFO/OR/DTJ/TF1/M6/DM;Confirmée;Non;31/01/2022;04/02/2022;31/01/2022;04/02/2022;LA FRANCAISE DES JEUX;BONJOUR Cyrille;43062;43062;947.36;900.00;20.90;20.90;0;0.00%;0;0;0.00;0.00;0.00;0.00;0;0.00%;0.00%;0.00%;
FNAC - 76145;PUSH RZ - APPLI - RESEAU ASB;Réservée;Non;15/01/2022;31/12/2022;15/01/2022;31/12/2022;VINDEMIA DISTRIBUTION;AUFFRET Jerome;32490235;32490235;3600.00;3600.00;0.11;0.11;0;0.00%;0;0;0.00;0.00;0.00;0.00;0;0.00%;0.00%;0.00%;
FNAC - 76145;HABILLAGE RZ - SITE - RESEAU ASB;Réservée;Non;15/01/2022;31/12/2022;15/01/2022;31/12/2022;VINDEMIA DISTRIBUTION;AUFFRET Jerome;132508991;132508991;6000.00;6000.00;0.05;0.05;0;0.00%;0;0;0.00;0.00;0.00;0.00;0;0.00%;0.00%;0.00%;
GAMM VERT  - 73189;2020 - RG HABILLAGE - 2020 - HABILLAGE;Confirmée;Oui;05/01/2022;16/01/2022;05/01/2022;16/01/2022;AGRI DEV;AUFFRET Jerome;117321;117321;703.93;492.75;4.20;4.20;0;0.00%;117321;117321;703.93;492.75;4.20;4.20;0;0.00%;100.00%;100.00%;VAGUE 1 - RESEAU ASB HABILLAGE AR/LINFO/DTJ
GAMM VERT  - 73189;2020 - HABILLAGE APP - 2020 - HABILLAGE APPLI;Confirmée;Oui;05/01/2022;16/01/2022;05/01/2022;16/01/2022;AGRI DEV;AUFFRET Jerome;43393;43393;260.36;182.25;4.20;4.20;0;0.00%;43393;43393;260.36;182.25;4.20;4.20;0;0.00%;100.00%;100.00%;VAGUE 1 - RESEAU ASB HABILLAGE AR/LINFO/DTJ
GAMM VERT  - 73189;2020 - RG HABILLAGE - 2020 - HABILLAGE;Confirmée;Non;02/02/2022;13/02/2022;02/02/2022;13/02/2022;AGRI DEV;AUFFRET Jerome;117321;117321;703.93;492.75;4.20;4.20;0;0.00%;117321;117321;703.93;492.75;4.20;4.20;0;0.00%;100.00%;0.00%;VAGUE 2 - RESEAU ASB HABILLAGE AR/LINFO/DTJ
GAMM VERT  - 73189;2020 - HABILLAGE APP - 2020 - HABILLAGE APPLI;Confirmée;Non;02/02/2022;13/02/2022;02/02/2022;13/02/2022;AGRI DEV;AUFFRET Jerome;43393;43393;260.36;182.25;4.20;4.20;0;0.00%;43393;43393;260.36;182.25;4.20;4.20;0;0.00%;100.00%;0.00%;VAGUE 2 - RESEAU ASB HABILLAGE AR/LINFO/DTJ
GAMM VERT  - 73189;2020 - RG HABILLAGE - 2020 - HABILLAGE;Confirmée;Non;02/03/2022;13/03/2022;02/03/2022;13/03/2022;AGRI DEV;AUFFRET Jerome;117321;117321;703.93;492.75;4.20;4.20;0;0.00%;117321;117321;703.93;492.75;4.20;4.20;0;0.00%;100.00%;0.00%;VAGUE 3 - RESEAU ASB HABILLAGE AR/LINFO/DTJ
GAMM VERT  - 73189;2020 - HABILLAGE APP - 2020 - HABILLAGE APPLI;Confirmée;Non;02/03/2022;13/03/2022;02/03/2022;13/03/2022;AGRI DEV;AUFFRET Jerome;43393;43393;260.36;182.25;4.20;4.20;0;0.00%;43393;43393;260.36;182.25;4.20;4.20;0;0.00%;100.00%;0.00%;VAGUE 3 - RESEAU ASB HABILLAGE AR/LINFO/DTJ
GAMM VERT  - 73189;2020 - RG HABILLAGE - 2020 - HABILLAGE;Confirmée;Non;06/04/2022;17/04/2022;06/04/2022;17/04/2022;AGRI DEV;AUFFRET Jerome;117321;117321;703.93;492.75;4.20;4.20;0;0.00%;117321;117321;703.93;492.75;4.20;4.20;0;0.00%;100.00%;0.00%;VAGUE 4 RESEAU ASB HABILLAGE AR/LINFO/DTJ
GAMM VERT  - 73189;2020 - HABILLAGE APP - 2020 - HABILLAGE APPLI;Confirmée;Non;06/04/2022;17/04/2022;06/04/2022;17/04/2022;AGRI DEV;AUFFRET Jerome;43393;43393;260.36;182.25;4.20;4.20;0;0.00%;43393;43393;260.36;182.25;4.20;4.20;0;0.00%;100.00%;0.00%;VAGUE 4 RESEAU ASB HABILLAGE AR/LINFO/DTJ
GAMM VERT  - 73189;2020 - RG HABILLAGE - 2020 - HABILLAGE;Confirmée;Non;18/05/2022;29/05/2022;18/05/2022;29/05/2022;AGRI DEV;AUFFRET Jerome;117321;117321;703.93;492.75;4.20;4.20;0;0.00%;117321;117321;703.93;492.75;4.20;4.20;0;0.00%;100.00%;0.00%;VAGUE 5 RESEAU ASB HABILLAGE AR/LINFO/DTJ
GAMM VERT  - 73189;2020 - HABILLAGE APP - 2020 - HABILLAGE APPLI;Confirmée;Non;18/05/2022;29/05/2022;18/05/2022;29/05/2022;AGRI DEV;AUFFRET Jerome;43393;43393;260.36;182.25;4.20;4.20;0;0.00%;43393;43393;260.36;182.25;4.20;4.20;0;0.00%;100.00%;0.00%;VAGUE 5 RESEAU ASB HABILLAGE AR/LINFO/DTJ
GAMM VERT  - 73189;2020 - HABILLAGE APP - 2020 - HABILLAGE APPLI;Confirmée;Non;08/06/2022;19/06/2022;08/06/2022;19/06/2022;AGRI DEV;AUFFRET Jerome;43393;43393;260.36;182.25;4.20;4.20;0;0.00%;43393;43393;260.36;182.25;4.20;4.20;0;0.00%;100.00%;0.00%;VAGUE 6 RESEAU ASB HABILLAGE AR/LINFO/DTJ
GAMM VERT  - 73189;2020 - RG HABILLAGE - 2020 - HABILLAGE;Confirmée;Non;08/06/2022;19/06/2022;08/06/2022;19/06/2022;AGRI DEV;AUFFRET Jerome;117321;117321;703.93;492.75;4.20;4.20;0;0.00%;117321;117321;703.93;492.75;4.20;4.20;0;0.00%;100.00%;0.00%;VAGUE 6 RESEAU ASB HABILLAGE AR/LINFO/DTJ
GAMM VERT  - 73196;VAGUE 1 -  RODZAFER - MASTHEAD SITE ;Confirmée;Non;05/01/2022;16/01/2022;05/01/2022;16/01/2022;AGRI DEV;AUFFRET Jerome;11374;11374;500.00;337.50;29.67;29.67;0;0.00%;0;0;500.00;337.50;0.00;0.00;0;0.00%;0.00%;0.00%;
GAMM VERT  - 73196;VAGUE 2 - RODZAFER - MASTHEAD SITE ;Confirmée;Non;02/02/2022;13/02/2022;02/02/2022;13/02/2022;AGRI DEV;AUFFRET Jerome;165153;165153;500.00;337.50;2.04;2.04;0;0.00%;0;0;500.00;337.50;0.00;0.00;0;0.00%;0.00%;0.00%;
GAMM VERT  - 73196;VAGUE 3 - RODZAFER - PUSH APPLI;Confirmée;Non;02/03/2022;13/03/2022;02/03/2022;13/03/2022;AGRI DEV;AUFFRET Jerome;2461105;2461105;500.00;337.50;0.14;0.14;0;0.00%;0;0;500.00;337.50;0.00;0.00;0;0.00%;0.00%;0.00%;
GAMM VERT  - 73196;2020 - RZ - INTERS SITE - 2020 - RZ - INTERSTITIEL SITE - Exclu;Confirmée;Non;02/03/2022;13/03/2022;02/03/2022;13/03/2022;AGRI DEV;AUFFRET Jerome;171032;171032;500.00;337.50;1.97;1.97;0;0.00%;0;0;500.00;337.50;0.00;0.00;0;0.00%;0.00%;0.00%;VAGUE 3 - RODZAFER INTERSTITIEL SITE + APPLI
GAMM VERT  - 73196;2020 - RZ - INTERS APP - 2020 - RZ - INTERSTITIEL APPLI - Exclu;Confirmée;Non;02/03/2022;13/03/2022;02/03/2022;13/03/2022;AGRI DEV;AUFFRET Jerome;2461105;2461105;500.00;337.50;0.14;0.14;0;0.00%;0;0;500.00;337.50;0.00;0.00;0;0.00%;0.00%;0.00%;VAGUE 3 - RODZAFER INTERSTITIEL SITE + APPLI
GAMM VERT  - 73196;VAGUE 4 - RODZAFER - PUSH APPLI ;Confirmée;Non;06/04/2022;17/04/2022;06/04/2022;17/04/2022;AGRI DEV;AUFFRET Jerome;2471753;2471753;500.00;337.50;0.14;0.14;0;0.00%;0;0;500.00;337.50;0.00;0.00;0;0.00%;0.00%;0.00%;
GAMM VERT  - 73196;2020 - RZ - INTERS APP - 2020 - RZ - INTERSTITIEL APPLI - Exclu;Confirmée;Non;06/04/2022;17/04/2022;06/04/2022;17/04/2022;AGRI DEV;AUFFRET Jerome;2471753;2471753;500.00;337.50;0.14;0.14;0;0.00%;0;0;500.00;337.50;0.00;0.00;0;0.00%;0.00%;0.00%;VAGUE 4 - RODZAFER INTERSTITIEL SITE + APPLI
GAMM VERT  - 73196;2020 - RZ - INTERS SITE - 2020 - RZ - INTERSTITIEL SITE - Exclu;Confirmée;Non;06/04/2022;17/04/2022;06/04/2022;17/04/2022;AGRI DEV;AUFFRET Jerome;177574;177574;500.00;337.50;1.90;1.90;0;0.00%;0;0;500.00;337.50;0.00;0.00;0;0.00%;0.00%;0.00%;VAGUE 4 - RODZAFER INTERSTITIEL SITE + APPLI
GAMM VERT  - 73196;2020 - RZ - INTERS APP - 2020 - RZ - INTERSTITIEL APPLI - Exclu;Confirmée;Non;18/05/2022;29/05/2022;18/05/2022;29/05/2022;AGRI DEV;AUFFRET Jerome;2069877;2069877;500.00;337.50;0.16;0.16;0;0.00%;0;0;500.00;337.50;0.00;0.00;0;0.00%;0.00%;0.00%;VAGUE 5 - RODZAFER INTERSTITIEL SITE + APPLI
GAMM VERT  - 73196;2020 - RZ - INTERS SITE - 2020 - RZ - INTERSTITIEL SITE - Exclu;Confirmée;Non;18/05/2022;29/05/2022;18/05/2022;29/05/2022;AGRI DEV;AUFFRET Jerome;122111;122111;500.00;337.50;2.76;2.76;0;0.00%;0;0;500.00;337.50;0.00;0.00;0;0.00%;0.00%;0.00%;VAGUE 5 - RODZAFER INTERSTITIEL SITE + APPLI
GAMM VERT  - 73196;VAGUE 5 - RODZAFER  PUSH APPLI;Confirmée;Non;18/05/2022;29/05/2022;18/05/2022;29/05/2022;AGRI DEV;AUFFRET Jerome;2069877;2069877;500.00;337.50;0.16;0.16;0;0.00%;0;0;500.00;337.50;0.00;0.00;0;0.00%;0.00%;0.00%;
GAMM VERT  - 73196;VAGUE 6 - RODZAFER - MASTHEAD SITE ;Confirmée;Non;08/06/2022;19/06/2022;08/06/2022;19/06/2022;AGRI DEV;AUFFRET Jerome;126745;126745;500.00;337.50;2.66;2.66;0;0.00%;0;0;500.00;337.50;0.00;0.00;0;0.00%;0.00%;0.00%;
JARDICANE - 67244;JANVIER DIFFUSION CATALOGUE RODZAFER EN ILLIMITE;Confirmée;Non;01/01/2022;31/01/2022;01/01/2022;31/01/2022;JARDICANE;AUFFRET Jerome;0;0;83.33;83.33;0.00;0.00;0;0.00%;0;0;83.33;83.33;0.00;0.00;0;0.00%;0.00%;0.00%;
JARDICANE - 67244;FEVRIER DIFFUSION CATALOGUE RODZAFER EN ILLIMITE;Confirmée;Non;01/02/2022;28/02/2022;01/02/2022;28/02/2022;JARDICANE;AUFFRET Jerome;0;0;83.33;83.33;0.00;0.00;0;0.00%;0;0;83.33;83.33;0.00;0.00;0;0.00%;0.00%;0.00%;
JBM DISTRIBUTION - 75959;2021-ASB-RECTANGLE-RG /AR/LINFO/DTJ/OR;Réservée;Non;24/01/2022;28/01/2022;24/01/2022;28/01/2022;JBM DISTRIBUTION;GOULAMHOUSSEN Abdealy;52800;52800;264.00;242.60;4.59;4.59;0;0.00%;0;0;0.00;0.00;0.00;0.00;0;0.00%;0.00%;0.00%;2021-ASB-RECTANGLE-RG/AR/LINFO/OR/DTJ
JBM DISTRIBUTION - 75959;2021-ASB-RECTANGLE-APP-RG / AR/LINFO/DTJ/OR;Réservée;Non;24/01/2022;28/01/2022;24/01/2022;28/01/2022;JBM DISTRIBUTION;GOULAMHOUSSEN Abdealy;57200;57200;286.00;257.40;4.50;4.50;0;0.00%;0;0;0.00;0.00;0.00;0.00;0;0.00%;0.00%;0.00%;2021-ASB-RECTANGLE-RG/AR/LINFO/OR/DTJ
JBM DISTRIBUTION - 75967;production executive;Réservée;Non;24/01/2022;24/01/2022;24/01/2022;24/01/2022;JBM DISTRIBUTION;GOULAMHOUSSEN Abdealy;0;0;160.00;160.00;0.00;0.00;0;0.00%;0;0;160.00;160.00;0.00;0.00;0;0.00%;0.00%;0.00%;PRODUCTION 
JBM DISTRIBUTION - 75967;production vo;Réservée;Non;24/01/2022;24/01/2022;24/01/2022;24/01/2022;JBM DISTRIBUTION;GOULAMHOUSSEN Abdealy;0;0;40.00;40.00;0.00;0.00;0;0.00%;0;0;40.00;40.00;0.00;0.00;0;0.00%;0.00%;0.00%;PRODUCTION 
KIT M - 71562;DECEMBRE DIFFUSION ANNUEL CATALOGUE RODZAFER;Confirmée;Non;03/12/2021;03/01/2022;03/12/2021;03/01/2022;SC GROUPE HOLD. A;BOURSIER Estelle;0;0;83.34;83.34;0.00;0.00;0;0.00%;0;0;83.34;83.34;0.00;0.00;0;0.00%;0.00%;0.00%;
KIT M - 71562;JANVIER DIFFUSION ANNUEL CATALOGUE RODZAFER;Confirmée;Non;03/01/2022;03/02/2022;03/01/2022;03/02/2022;SC GROUPE HOLD. A;BOURSIER Estelle;0;0;83.33;83.33;0.00;0.00;0;0.00%;0;0;83.33;83.33;0.00;0.00;0;0.00%;0.00%;0.00%;
KIT M - 71562;FEVRIER  DIFFUSION ANNUEL CATALOGUE RODZAFER;Confirmée;Non;03/02/2022;03/03/2022;03/02/2022;03/03/2022;SC GROUPE HOLD. A;BOURSIER Estelle;0;0;83.33;83.33;0.00;0.00;0;0.00%;0;0;83.33;83.33;0.00;0.00;0;0.00%;0.00%;0.00%;
KIT M - 71562;MARS DIFFUSION ANNUEL CATALOGUE RODZAFER;Confirmée;Non;03/03/2022;03/04/2022;03/03/2022;03/04/2022;SC GROUPE HOLD. A;BOURSIER Estelle;0;0;83.33;83.33;0.00;0.00;0;0.00%;0;0;83.33;83.33;0.00;0.00;0;0.00%;0.00%;0.00%;
KIT M - 71562;AVRIL DIFFUSION ANNUEL CATALOGUE RODZAFER;Confirmée;Non;03/04/2022;03/05/2022;03/04/2022;03/05/2022;SC GROUPE HOLD. A;BOURSIER Estelle;0;0;83.33;83.33;0.00;0.00;0;0.00%;0;0;83.33;83.33;0.00;0.00;0;0.00%;0.00%;0.00%;
KIT M - 71562;MAI DIFFUSION ANNUEL CATALOGUE RODZAFER;Confirmée;Non;03/05/2022;03/06/2022;03/05/2022;03/06/2022;SC GROUPE HOLD. A;BOURSIER Estelle;0;0;83.33;83.33;0.00;0.00;0;0.00%;0;0;83.33;83.33;0.00;0.00;0;0.00%;0.00%;0.00%;
KIT M - 71562;JUIN DIFFUSION ANNUEL CATALOGUE RODZAFER;Confirmée;Non;03/06/2022;03/07/2022;03/06/2022;03/07/2022;SC GROUPE HOLD. A;BOURSIER Estelle;0;0;83.33;83.33;0.00;0.00;0;0.00%;0;0;83.33;83.33;0.00;0.00;0;0.00%;0.00%;0.00%;
KIT M - 71562;JUILLET DIFFUSION ANNUEL CATALOGUE RODZAFER;Confirmée;Non;03/07/2022;03/08/2022;03/07/2022;03/08/2022;SC GROUPE HOLD. A;BOURSIER Estelle;0;0;83.33;83.33;0.00;0.00;0;0.00%;0;0;83.33;83.33;0.00;0.00;0;0.00%;0.00%;0.00%;
KIT M - 71562;AOUT DIFFUSION ANNUEL CATALOGUE RODZAFER;Confirmée;Non;03/08/2022;03/09/2022;03/08/2022;03/09/2022;SC GROUPE HOLD. A;BOURSIER Estelle;0;0;83.33;83.33;0.00;0.00;0;0.00%;0;0;83.33;83.33;0.00;0.00;0;0.00%;0.00%;0.00%;
LE COIN DES PETITS PARR BABYBOOM - 73878;PORTAIL ART 2014 /Programmes/Emissions/Baby boom. /Programmes/Emissions/Baby boom. /Programmes/Emissions/Baby boom - Logo - Taille Variable - Exclu;Confirmée;Non;22/12/2021;19/01/2022;22/12/2021;19/01/2022;LE COIN DES PETITS;CATHERINE Kevin;0;0;33.33;33.33;0.00;0.00;0;0.00%;0;0;33.33;33.33;0.00;0.00;0;0.00%;0.00%;0.00%;
LE COIN DES PETITS PARR BABYBOOM - 73878;PORTAIL ART 2014 /Programmes/Emissions/Baby boom - Rectangle - 300x250 - Exclu;Confirmée;Non;22/12/2021;19/01/2022;22/12/2021;19/01/2022;LE COIN DES PETITS;CATHERINE Kevin;0;0;33.34;33.34;0.00;0.00;0;0.00%;0;0;33.34;33.34;0.00;0.00;0;0.00%;0.00%;0.00%;
LE COIN DES PETITS PARR BABYBOOM - 73878;PORTAIL ART 2014 /Programmes/Emissions/Baby boom - Mégabanniére - 728x90 - Exclu;Confirmée;Non;22/12/2021;19/01/2022;22/12/2021;19/01/2022;LE COIN DES PETITS;CATHERINE Kevin;0;0;33.33;33.33;0.00;0.00;0;0.00%;0;0;33.33;33.33;0.00;0.00;0;0.00%;0.00%;0.00%;
LE COIN DES PETITS PARR BABYBOOM - 73878;PORTAIL ART 2014 /Programmes/Emissions/Baby boom - Habillage - Taille variable selon le site - Exclu;Confirmée;Non;22/12/2021;19/01/2022;22/12/2021;19/01/2022;LE COIN DES PETITS;CATHERINE Kevin;0;0;150.00;150.00;0.00;0.00;0;0.00%;0;0;150.00;150.00;0.00;0.00;0;0.00%;0.00%;0.00%;
LE COMPTOIR DE CAMBAIE - 69269;JANVIER DIFFUSION CATALOGUE ANNUEL RODZAFER;Confirmée;Non;01/01/2022;31/01/2022;01/01/2022;31/01/2022;LE COMPTOIR DE CAMBAIE;AUFFRET Jerome;0;0;83.33;83.33;0.00;0.00;0;0.00%;0;0;83.33;83.33;0.00;0.00;0;0.00%;0.00%;0.00%;
LE COMPTOIR DE CAMBAIE - 69269;FEVRIER DIFFUSION CATALOGUE ANNUEL RODZAFER;Confirmée;Non;01/02/2022;28/02/2022;01/02/2022;28/02/2022;LE COMPTOIR DE CAMBAIE;AUFFRET Jerome;0;0;83.33;83.33;0.00;0.00;0;0.00%;0;0;83.33;83.33;0.00;0.00;0;0.00%;0.00%;0.00%;
LE COMPTOIR DE CAMBAIE - 69269;MARS DIFFUSION CATALOGUE ANNUEL RODZAFER;Confirmée;Non;01/03/2022;31/03/2022;01/03/2022;31/03/2022;LE COMPTOIR DE CAMBAIE;AUFFRET Jerome;0;0;83.33;83.33;0.00;0.00;0;0.00%;0;0;83.33;83.33;0.00;0.00;0;0.00%;0.00%;0.00%;
LE COMPTOIR DE CAMBAIE - 69269;AVRIL DIFFUSION CATALOGUE ANNUEL RODZAFER;Confirmée;Non;01/04/2022;30/04/2022;01/04/2022;30/04/2022;LE COMPTOIR DE CAMBAIE;AUFFRET Jerome;0;0;83.33;83.33;0.00;0.00;0;0.00%;0;0;83.33;83.33;0.00;0.00;0;0.00%;0.00%;0.00%;
LE COMPTOIR DE CAMBAIE - 69269;MAI DIFFUSION CATALOGUE ANNUEL RODZAFER;Confirmée;Non;01/05/2022;31/05/2022;01/05/2022;31/05/2022;LE COMPTOIR DE CAMBAIE;AUFFRET Jerome;0;0;83.33;83.33;0.00;0.00;0;0.00%;0;0;83.33;83.33;0.00;0.00;0;0.00%;0.00%;0.00%;
LEADER PRICE LP 24 - 75859;INTERSTITIEL - SITE - RESEAU ASB;Confirmée;Oui;18/01/2022;29/01/2022;18/01/2022;29/01/2022;CAILLE GRANDE DISTRIBUTION;BOURSIER Estelle;111934;111934;1679.01;1360.00;12.15;12.15;0;0.00%;0;0;0.00;0.00;0.00;0.00;0;0.00%;0.00%;0.00%;
LEADER PRICE LP 24 - 75859;INTERSTITIEL RG - APPLI - RESEAU ASB;Confirmée;Oui;18/01/2022;29/01/2022;18/01/2022;29/01/2022;CAILLE GRANDE DISTRIBUTION;BOURSIER Estelle;52675;52675;790.13;640.00;12.15;12.15;0;0.00%;0;0;0.00;0.00;0.00;0.00;0;0.00%;0.00%;0.00%;
LEADER PRICE LP 24 - 75859;2020 - RG INSTREAM - 10s - AR/LINFO/TF1/M6/DM;Confirmée;Oui;18/01/2022;29/01/2022;18/01/2022;29/01/2022;CAILLE GRANDE DISTRIBUTION;BOURSIER Estelle;56117;56117;1234.57;1000.00;17.82;17.82;0;0.00%;0;0;0.00;0.00;0.00;0.00;0;0.00%;0.00%;0.00%;
LEADER PRICE LP 24 - 75860;2022 - RODZAFER - INTERSTITIEL SITE;Confirmée;Oui;18/01/2022;29/01/2022;18/01/2022;29/01/2022;CAILLE GRANDE DISTRIBUTION;BOURSIER Estelle;179600;179600;1250.00;750.00;4.18;4.18;0;0.00%;0;0;0.00;0.00;0.00;0.00;0;0.00%;0.00%;0.00%;
LEADER PRICE LP 24 - 75860;2022 - RODZAFER - PUSH APPLI;Confirmée;Non;18/01/2022;29/01/2022;18/01/2022;29/01/2022;CAILLE GRANDE DISTRIBUTION;BOURSIER Estelle;2408791;2408791;1500.00;1000.00;0.42;0.42;0;0.00%;0;0;0.00;0.00;0.00;0.00;0;0.00%;0.00%;0.00%;
LEADER PRICE LP 24 - 75860;2022 - RODZAFER - INTESRTITIEL APPLI;Confirmée;Oui;18/01/2022;29/01/2022;18/01/2022;29/01/2022;CAILLE GRANDE DISTRIBUTION;BOURSIER Estelle;2408791;2408791;1250.00;750.00;0.31;0.31;0;0.00%;0;0;0.00;0.00;0.00;0.00;0;0.00%;0.00%;0.00%;
LECLERC - 75981;GRAND ANGLE RZ - SITE - RESEAU ASB - JANVIER;Confirmée;Non;15/01/2022;29/01/2022;15/01/2022;29/01/2022;GIE DISTRI MASCAREIGNES;AUFFRET Jerome;419402;419402;400.00;400.00;0.95;0.95;0;0.00%;203515;203515;400.00;400.00;1.97;1.97;0;0.00%;48.53%;363.94%;
LECLERC - 75981;HABILLAGE RZ - SITE - RESEAU ASB - JANVIER;Confirmée;Non;15/01/2022;24/01/2022;15/01/2022;24/01/2022;GIE DISTRI MASCAREIGNES;AUFFRET Jerome;16300530;16300530;500.00;500.00;0.03;0.03;0;0.00%;7797760;7797760;500.00;500.00;0.06;0.06;0;0.00%;47.84%;239.19%;
LECLERC - 75981;PUSH RZ - APPLI - RESEAU ASB - JANVIER;Confirmée;Non;15/01/2022;18/01/2022;15/01/2022;18/01/2022;GIE DISTRI MASCAREIGNES;AUFFRET Jerome;1629315;1629315;600.00;600.00;0.37;0.37;0;0.00%;927901;927901;600.00;600.00;0.65;0.65;0;0.00%;56.95%;113.90%;
LECLERC - 75981;CATALOGUE OFFERT RZ - APPLI - RESEAU ASB - JANVIER;Confirmée;Non;15/01/2022;31/01/2022;15/01/2022;31/01/2022;GIE DISTRI MASCAREIGNES;AUFFRET Jerome;7031862;7031862;0.00;0.00;0.00;0.00;0;0.00%;3707744;3707744;0.00;0.00;0.00;0.00;0;0.00%;52.73%;448.19%;
LECLERC - 75981;PUSH RZ - APPLI - RESEAU ASB - FEVRIER;Confirmée;Non;01/02/2022;04/02/2022;01/02/2022;04/02/2022;GIE DISTRI MASCAREIGNES;AUFFRET Jerome;1644984;1644984;600.00;600.00;0.36;0.36;0;0.00%;855915;855915;600.00;600.00;0.63;0.70;0;0.00%;52.03%;0.00%;
LECLERC - 75981;HABILLAGE RZ - SITE - RESEAU ASB - FEVRIER;Confirmée;Non;01/02/2022;10/02/2022;01/02/2022;10/02/2022;GIE DISTRI MASCAREIGNES;AUFFRET Jerome;15939341;15939341;500.00;500.00;0.03;0.03;0;0.00%;6543116;6543116;500.00;500.00;0.07;0.08;0;0.00%;41.05%;0.00%;
LECLERC - 75981;CATALOGUE OFFERT RZ - APPLI - RESEAU ASB - FEVRIER;Confirmée;Non;01/02/2022;28/02/2022;01/02/2022;28/02/2022;GIE DISTRI MASCAREIGNES;AUFFRET Jerome;12068546;12068546;0.00;0.00;0.00;0.00;0;0.00%;6248294;6248294;0.00;0.00;0.00;0.00;0;0.00%;51.77%;0.00%;
LECLERC - 75981;GRAND ANGLE RZ - SITE - RESEAU ASB - FEVRIER;Confirmée;Non;01/02/2022;15/02/2022;01/02/2022;15/02/2022;GIE DISTRI MASCAREIGNES;AUFFRET Jerome;356484;356484;400.00;400.00;1.12;1.12;0;0.00%;139413;139413;400.00;400.00;2.66;2.87;0;0.00%;39.11%;0.00%;
LECLERC - 75981;CATALOGUE OFFERT RZ - APPLI - RESEAU ASB - MARS;Confirmée;Non;01/03/2022;31/03/2022;01/03/2022;31/03/2022;GIE DISTRI MASCAREIGNES;AUFFRET Jerome;12633575;12633575;0.00;0.00;0.00;0.00;0;0.00%;6068251;6068251;0.00;0.00;0.00;0.00;0;0.00%;48.03%;0.00%;
LECLERC - 75981;PUSH RZ - APPLI - RESEAU ASB - MARS;Confirmée;Non;01/03/2022;04/03/2022;01/03/2022;04/03/2022;GIE DISTRI MASCAREIGNES;AUFFRET Jerome;1678470;1678470;600.00;600.00;0.36;0.36;0;0.00%;865948;865948;600.00;600.00;0.70;0.69;0;0.00%;51.59%;0.00%;
LECLERC - 75981;GRAND ANGLE RZ - SITE - RESEAU ASB - MARS;Confirmée;Non;01/03/2022;15/03/2022;01/03/2022;15/03/2022;GIE DISTRI MASCAREIGNES;AUFFRET Jerome;380394;380394;400.00;400.00;1.05;1.05;0;0.00%;146506;146506;400.00;400.00;2.09;2.73;0;0.00%;38.51%;0.00%;
LECLERC - 75981;HABILLAGE RZ - SITE - RESEAU ASB - MARS;Confirmée;Non;01/03/2022;10/03/2022;01/03/2022;10/03/2022;GIE DISTRI MASCAREIGNES;AUFFRET Jerome;14631377;14631377;500.00;500.00;0.03;0.03;0;0.00%;6380001;6380001;500.00;500.00;0.07;0.08;0;0.00%;43.60%;0.00%;
LECLERC - 75981;CATALOGUE OFFERT RZ - APPLI - RESEAU ASB - AVRIL;Confirmée;Non;01/04/2022;30/04/2022;01/04/2022;30/04/2022;GIE DISTRI MASCAREIGNES;AUFFRET Jerome;11308312;11308312;0.00;0.00;0.00;0.00;0;0.00%;5292834;5292834;0.00;0.00;0.00;0.00;0;0.00%;46.80%;0.00%;
LECLERC - 75981;HABILLAGE RZ - SITE - RESEAU ASB - AVRIL;Confirmée;Non;01/04/2022;10/04/2022;01/04/2022;10/04/2022;GIE DISTRI MASCAREIGNES;AUFFRET Jerome;15381131;15381131;500.00;500.00;0.03;0.03;0;0.00%;7259445;7259445;500.00;500.00;0.08;0.07;0;0.00%;47.20%;0.00%;
LECLERC - 75981;GRAND ANGLE RZ - SITE - RESEAU ASB - AVRIL;Confirmée;Non;01/04/2022;15/04/2022;01/04/2022;15/04/2022;GIE DISTRI MASCAREIGNES;AUFFRET Jerome;365118;365118;400.00;400.00;1.10;1.10;0;0.00%;153753;153753;400.00;400.00;2.73;2.60;0;0.00%;42.11%;0.00%;
LECLERC - 75981;PUSH RZ - APPLI - RESEAU ASB - AVRIL;Confirmée;Non;01/04/2022;04/04/2022;01/04/2022;04/04/2022;GIE DISTRI MASCAREIGNES;AUFFRET Jerome;1549374;1549374;600.00;600.00;0.39;0.39;0;0.00%;710724;710724;600.00;600.00;0.69;0.84;0;0.00%;45.87%;0.00%;
LECLERC - 75981;CATALOGUE OFFERT RZ - APPLI - RESEAU ASB - MAI;Confirmée;Non;01/05/2022;31/05/2022;01/05/2022;31/05/2022;GIE DISTRI MASCAREIGNES;AUFFRET Jerome;11191132;11191132;0.00;0.00;0.00;0.00;0;0.00%;5595566;5595566;0.00;0.00;0.00;0.00;0;0.00%;50.00%;0.00%;
LECLERC - 75981;PUSH RZ - APPLI - RESEAU ASB - MAI;Confirmée;Non;01/05/2022;04/05/2022;01/05/2022;04/05/2022;GIE DISTRI MASCAREIGNES;AUFFRET Jerome;1558452;1558452;600.00;600.00;0.39;0.38;0;0.00%;779226;779226;600.00;600.00;0.84;0.77;0;0.00%;50.00%;0.00%;
LECLERC - 75981;GRAND ANGLE RZ - SITE - RESEAU ASB - MAI;Confirmée;Non;01/05/2022;15/05/2022;01/05/2022;15/05/2022;GIE DISTRI MASCAREIGNES;AUFFRET Jerome;308750;308750;400.00;400.00;1.30;1.30;0;0.00%;154375;154375;400.00;400.00;2.60;2.59;0;0.00%;50.00%;0.00%;
LECLERC - 75981;HABILLAGE RZ - SITE - RESEAU ASB - MAI;Confirmée;Non;01/05/2022;10/05/2022;01/05/2022;10/05/2022;GIE DISTRI MASCAREIGNES;AUFFRET Jerome;14539864;14539864;500.00;500.00;0.03;0.03;0;0.00%;7269932;7269932;500.00;500.00;0.07;0.07;0;0.00%;50.00%;0.00%;
LECLERC - 75981;CATALOGUE OFFERT RZ - APPLI - RESEAU ASB - JUIN;Confirmée;Non;01/06/2022;30/06/2022;01/06/2022;30/06/2022;GIE DISTRI MASCAREIGNES;AUFFRET Jerome;10338994;10338994;0.00;0.00;0.00;0.00;0;0.00%;5169497;5169497;0.00;0.00;0.00;0.00;0;0.00%;50.00%;0.00%;
LECLERC - 75981;HABILLAGE RZ - SITE - RESEAU ASB - JUIN;Confirmée;Non;01/06/2022;10/06/2022;01/06/2022;10/06/2022;GIE DISTRI MASCAREIGNES;AUFFRET Jerome;14701688;14701688;500.00;500.00;0.03;0.03;0;0.00%;7350844;7350844;500.00;500.00;0.07;0.07;0;0.00%;50.00%;0.00%;
LECLERC - 75981;GRAND ANGLE RZ - SITE - RESEAU ASB - JUIN;Confirmée;Non;01/06/2022;15/06/2022;01/06/2022;15/06/2022;GIE DISTRI MASCAREIGNES;AUFFRET Jerome;324820;324820;400.00;400.00;1.23;1.23;0;0.00%;162410;162410;400.00;400.00;2.59;2.46;0;0.00%;50.00%;0.00%;
LECLERC - 75981;PUSH RZ - APPLI - RESEAU ASB - JUIN;Confirmée;Non;01/06/2022;04/06/2022;01/06/2022;04/06/2022;GIE DISTRI MASCAREIGNES;AUFFRET Jerome;1284092;1284092;600.00;600.00;0.47;0.47;0;0.00%;642046;642046;600.00;600.00;0.77;0.93;0;0.00%;50.00%;0.00%;
LECLERC - 75981;PUSH RZ - APPLI - RESEAU ASB - JUILLET;Confirmée;Non;01/07/2022;04/07/2022;01/07/2022;04/07/2022;GIE DISTRI MASCAREIGNES;AUFFRET Jerome;0;0;600.00;600.00;0.00;0.00;0;0.00%;0;0;600.00;600.00;0.93;0.00;0;0.00%;0.00%;0.00%;
LECLERC - 75981;GRAND ANGLE RZ - SITE - RESEAU ASB - JUILLET;Confirmée;Non;01/07/2022;15/07/2022;01/07/2022;15/07/2022;GIE DISTRI MASCAREIGNES;AUFFRET Jerome;0;0;400.00;400.00;0.00;0.00;0;0.00%;0;0;400.00;400.00;2.46;0.00;0;0.00%;0.00%;0.00%;
LECLERC - 75981;HABILLAGE RZ - SITE - RESEAU ASB - JUILLET;Confirmée;Non;01/07/2022;10/07/2022;01/07/2022;10/07/2022;GIE DISTRI MASCAREIGNES;AUFFRET Jerome;0;0;500.00;500.00;0.00;0.00;0;0.00%;0;0;500.00;500.00;0.07;0.00;0;0.00%;0.00%;0.00%;
LECLERC - 75981;CATALOGUE OFFERT RZ - APPLI - RESEAU ASB - JUILLET;Confirmée;Non;01/07/2022;31/07/2022;01/07/2022;31/07/2022;GIE DISTRI MASCAREIGNES;AUFFRET Jerome;0;0;0.00;0.00;0.00;0.00;0;0.00%;0;0;0.00;0.00;0.00;0.00;0;0.00%;0.00%;0.00%;
LECLERC - 75981;CATALOGUE OFFERT RZ - APPLI - RESEAU ASB - AOUT;Confirmée;Non;01/08/2022;31/08/2022;01/08/2022;31/08/2022;GIE DISTRI MASCAREIGNES;AUFFRET Jerome;0;0;0.00;0.00;0.00;0.00;0;0.00%;0;0;0.00;0.00;0.00;0.00;0;0.00%;0.00%;0.00%;
LECLERC - 75981;HABILLAGE RZ - SITE - RESEAU ASB - AOUT;Confirmée;Non;01/08/2022;10/08/2022;01/08/2022;10/08/2022;GIE DISTRI MASCAREIGNES;AUFFRET Jerome;0;0;500.00;500.00;0.00;0.00;0;0.00%;0;0;500.00;500.00;0.00;0.00;0;0.00%;0.00%;0.00%;
LECLERC - 75981;GRAND ANGLE RZ - SITE - RESEAU ASB - AOUT;Confirmée;Non;01/08/2022;15/08/2022;01/08/2022;15/08/2022;GIE DISTRI MASCAREIGNES;AUFFRET Jerome;0;0;400.00;400.00;0.00;0.00;0;0.00%;0;0;400.00;400.00;0.00;0.00;0;0.00%;0.00%;0.00%;
LECLERC - 75981;PUSH RZ - APPLI - RESEAU ASB - AOUT;Confirmée;Non;01/08/2022;04/08/2022;01/08/2022;04/08/2022;GIE DISTRI MASCAREIGNES;AUFFRET Jerome;0;0;600.00;600.00;0.00;0.00;0;0.00%;0;0;600.00;600.00;0.00;0.00;0;0.00%;0.00%;0.00%;
LECLERC - 75981;CATALOGUE OFFERT RZ - APPLI - RESEAU ASB - SEPTEMBRE;Confirmée;Non;01/09/2022;30/09/2022;01/09/2022;30/09/2022;GIE DISTRI MASCAREIGNES;AUFFRET Jerome;0;0;0.00;0.00;0.00;0.00;0;0.00%;0;0;0.00;0.00;0.00;0.00;0;0.00%;0.00%;0.00%;
LECLERC - 75981;PUSH RZ - APPLI - RESEAU ASB - SEPTEMBRE;Confirmée;Non;01/09/2022;04/09/2022;01/09/2022;04/09/2022;GIE DISTRI MASCAREIGNES;AUFFRET Jerome;0;0;600.00;600.00;0.00;0.00;0;0.00%;0;0;600.00;600.00;0.00;0.00;0;0.00%;0.00%;0.00%;
LECLERC - 75981;GRAND ANGLE RZ - SITE - RESEAU ASB - SEPTEMBRE;Confirmée;Non;01/09/2022;15/09/2022;01/09/2022;15/09/2022;GIE DISTRI MASCAREIGNES;AUFFRET Jerome;0;0;400.00;400.00;0.00;0.00;0;0.00%;0;0;400.00;400.00;0.00;0.00;0;0.00%;0.00%;0.00%;
LECLERC - 75981;HABILLAGE RZ - SITE - RESEAU ASB - SEPTEMBRE;Confirmée;Non;01/09/2022;10/09/2022;01/09/2022;10/09/2022;GIE DISTRI MASCAREIGNES;AUFFRET Jerome;0;0;500.00;500.00;0.00;0.00;0;0.00%;0;0;500.00;500.00;0.00;0.00;0;0.00%;0.00%;0.00%;
LECLERC - 75981;CATALOGUE OFFERT RZ - APPLI - RESEAU ASB - OCTOBRE;Confirmée;Non;01/10/2022;31/10/2022;01/10/2022;31/10/2022;GIE DISTRI MASCAREIGNES;AUFFRET Jerome;0;0;0.00;0.00;0.00;0.00;0;0.00%;0;0;0.00;0.00;0.00;0.00;0;0.00%;0.00%;0.00%;
LECLERC - 75981;HABILLAGE RZ - SITE - RESEAU ASB - OCTOBRE;Confirmée;Non;01/10/2022;10/10/2022;01/10/2022;10/10/2022;GIE DISTRI MASCAREIGNES;AUFFRET Jerome;0;0;500.00;500.00;0.00;0.00;0;0.00%;0;0;500.00;500.00;0.00;0.00;0;0.00%;0.00%;0.00%;
LECLERC - 75981;GRAND ANGLE RZ - SITE - RESEAU ASB - OCTOBRE;Confirmée;Non;01/10/2022;15/10/2022;01/10/2022;15/10/2022;GIE DISTRI MASCAREIGNES;AUFFRET Jerome;0;0;400.00;400.00;0.00;0.00;0;0.00%;0;0;400.00;400.00;0.00;0.00;0;0.00%;0.00%;0.00%;
LECLERC - 75981;PUSH RZ - APPLI - RESEAU ASB - OCTOBRE;Confirmée;Non;01/10/2022;04/10/2022;01/10/2022;04/10/2022;GIE DISTRI MASCAREIGNES;AUFFRET Jerome;0;0;600.00;600.00;0.00;0.00;0;0.00%;0;0;600.00;600.00;0.00;0.00;0;0.00%;0.00%;0.00%;
LECLERC - 75981;PUSH RZ - APPLI - RESEAU ASB - NOVEMBRE;Confirmée;Non;01/11/2022;04/11/2022;01/11/2022;04/11/2022;GIE DISTRI MASCAREIGNES;AUFFRET Jerome;0;0;600.00;600.00;0.00;0.00;0;0.00%;0;0;600.00;600.00;0.00;0.00;0;0.00%;0.00%;0.00%;
LECLERC - 75981;GRAND ANGLE RZ - SITE - RESEAU ASB - NOVEMBRE;Confirmée;Non;01/11/2022;15/11/2022;01/11/2022;15/11/2022;GIE DISTRI MASCAREIGNES;AUFFRET Jerome;0;0;400.00;400.00;0.00;0.00;0;0.00%;0;0;400.00;400.00;0.00;0.00;0;0.00%;0.00%;0.00%;
LECLERC - 75981;HABILLAGE RZ - SITE - RESEAU ASB - NOVEMBRE;Confirmée;Non;01/11/2022;10/11/2022;01/11/2022;10/11/2022;GIE DISTRI MASCAREIGNES;AUFFRET Jerome;0;0;500.00;500.00;0.00;0.00;0;0.00%;0;0;500.00;500.00;0.00;0.00;0;0.00%;0.00%;0.00%;
LECLERC - 75981;CATALOGUE OFFERT RZ - APPLI - RESEAU ASB - NOVEMBRE;Confirmée;Non;01/11/2022;30/11/2022;01/11/2022;30/11/2022;GIE DISTRI MASCAREIGNES;AUFFRET Jerome;0;0;0.00;0.00;0.00;0.00;0;0.00%;0;0;0.00;0.00;0.00;0.00;0;0.00%;0.00%;0.00%;
LECLERC - 75981;GRAND ANGLE RZ - SITE - RESEAU ASB - DECEMBRE;Confirmée;Non;01/12/2022;15/12/2022;01/12/2022;15/12/2022;GIE DISTRI MASCAREIGNES;AUFFRET Jerome;0;0;400.00;400.00;0.00;0.00;0;0.00%;0;0;400.00;400.00;0.00;0.00;0;0.00%;0.00%;0.00%;
LECLERC - 75981;CATALOGUE OFFERT RZ - APPLI - RESEAU ASB - DECEMBRE;Confirmée;Non;01/12/2022;31/12/2022;01/12/2022;31/12/2022;GIE DISTRI MASCAREIGNES;AUFFRET Jerome;0;0;0.00;0.00;0.00;0.00;0;0.00%;0;0;0.00;0.00;0.00;0.00;0;0.00%;0.00%;0.00%;
LECLERC - 75981;HABILLAGE RZ - SITE - RESEAU ASB - DECEMBRE;Confirmée;Non;01/12/2022;10/12/2022;01/12/2022;10/12/2022;GIE DISTRI MASCAREIGNES;AUFFRET Jerome;0;0;500.00;500.00;0.00;0.00;0;0.00%;0;0;500.00;500.00;0.00;0.00;0;0.00%;0.00%;0.00%;
LECLERC - 75981;PUSH RZ - APPLI - RESEAU ASB - DECEMBRE;Confirmée;Non;01/12/2022;04/12/2022;01/12/2022;04/12/2022;GIE DISTRI MASCAREIGNES;AUFFRET Jerome;0;0;600.00;600.00;0.00;0.00;0;0.00%;0;0;600.00;600.00;0.00;0.00;0;0.00%;0.00%;0.00%;
L'ECOLE L'IFAG - 75419;GRAND ANGLE RG - APPLI - RESEAU ASB;Confirmée;Oui;06/01/2022;12/01/2022;06/01/2022;12/01/2022;CAMPUS DE LA REUNION;BONJOUR Cyrille;234000;234000;1170.00;889.20;3.80;3.80;0;0.00%;234000;234000;1170.00;889.20;3.80;3.80;0;0.00%;100.00%;100.00%;2021 RESEAU ASB GRAND ANGLE RG AR/DTJ/LINFO/OR
L'ECOLE L'IFAG - 75419;RECTANGLE RG - APPLI - RESEAU ASB;Confirmée;Oui;06/01/2022;12/01/2022;06/01/2022;12/01/2022;CAMPUS DE LA REUNION;BONJOUR Cyrille;130000;130000;520.00;395.20;3.04;3.04;0;0.00%;130000;130000;520.00;395.20;3.04;3.04;0;0.00%;100.00%;100.00%;2021 RESEAU ASB GRAND ANGLE RG AR/DTJ/LINFO/OR
L'ECOLE L'IFAG - 75419;RECTANGLE RG - SITE - RESEAU ASB;Confirmée;Oui;06/01/2022;12/01/2022;06/01/2022;12/01/2022;CAMPUS DE LA REUNION;BONJOUR Cyrille;120000;120000;600.00;364.80;3.04;3.04;0;0.00%;120000;120000;600.00;364.80;3.04;3.04;0;0.00%;100.00%;100.00%;2021 RESEAU ASB RECTANGLE RG AR/DTJ/LINFO/OR
L'ECOLE L'IFAG - 75419;GRAND ANGLE RG - SITE - RESEAU ASB;Confirmée;Oui;06/01/2022;12/01/2022;06/01/2022;12/01/2022;CAMPUS DE LA REUNION;BONJOUR Cyrille;216000;216000;1080.00;820.80;3.80;3.80;0;0.00%;216000;216000;1080.00;820.80;3.80;3.80;0;0.00%;100.00%;100.00%;2021 RESEAU ASB GRAND ANGLE RG AR/DTJ/LINFO/OR
L'ECOLE L'IFAG - 75447;GRAND ANGLE - SITE - RESEAU ASB;Confirmée;Oui;15/01/2022;21/01/2022;15/01/2022;21/01/2022;CAMPUS DE LA REUNION;BONJOUR Cyrille;216000;216000;1080.00;820.80;3.80;3.80;0;0.00%;0;0;0.00;0.00;0.00;0.00;0;0.00%;0.00%;0.00%;2021 RESEAU ASB GRAND ANGLE RG AR/LINFO/DTJ/OR
L'ECOLE L'IFAG - 75447;GRAND ANGLE - APPLI - RESEAU ASB;Confirmée;Oui;15/01/2022;21/01/2022;15/01/2022;21/01/2022;CAMPUS DE LA REUNION;BONJOUR Cyrille;234000;234000;1170.00;889.20;3.80;3.80;0;0.00%;0;0;0.00;0.00;0.00;0.00;0;0.00%;0.00%;0.00%;2021 RESEAU ASB GRAND ANGLE RG AR/LINFO/DTJ/OR
L'ECOLE L'IFAG - 75447;RECTANGLE - SITE - RESEAU ASB;Confirmée;Oui;15/01/2022;21/01/2022;15/01/2022;21/01/2022;CAMPUS DE LA REUNION;BONJOUR Cyrille;120000;120000;600.00;364.80;3.04;3.04;0;0.00%;0;0;0.00;0.00;0.00;0.00;0;0.00%;0.00%;0.00%;2021 RESEAU ASB RECTANGLE RG AR/LINFO/DTJ/OR
L'ECOLE L'IFAG - 75447;RECTANGLE - APPLI - RESEAU ASB;Confirmée;Oui;15/01/2022;21/01/2022;15/01/2022;21/01/2022;CAMPUS DE LA REUNION;BONJOUR Cyrille;130000;130000;520.00;395.20;3.04;3.04;0;0.00%;0;0;0.00;0.00;0.00;0.00;0;0.00%;0.00%;0.00%;2021 RESEAU ASB RECTANGLE RG AR/LINFO/DTJ/OR
LEGEND PERFECTION - 72775;DIFFUSION CATALOGUE OFFERTE;Réservée;Non;18/10/2021;28/02/2022;18/10/2021;28/02/2022;LEGEND PERFECTION;CATHERINE Kevin;0;0;1750.00;0.00;0.00;0.00;0;0.00%;0;0;1750.00;0.00;0.00;0.00;0;0.00%;0.00%;0.00%;
MAS BRUNCH VU SUR ANTENNE - 74072;production executive;Réservée;Non;01/01/2022;01/01/2022;01/01/2022;01/01/2022;NOUVEL ANNONCEUR;BOURSIER Estelle;0;0;160.00;160.00;0.00;0.00;0;0.00%;0;0;160.00;160.00;0.00;0.00;0;0.00%;0.00%;0.00%;
MAS BRUNCH VU SUR ANTENNE - 74072;production vo;Réservée;Non;01/01/2022;01/01/2022;01/01/2022;01/01/2022;NOUVEL ANNONCEUR;BOURSIER Estelle;0;0;40.00;40.00;0.00;0.00;0;0.00%;0;0;40.00;40.00;0.00;0.00;0;0.00%;0.00%;0.00%;
MASCARIN PARR METEO - 75584;SM_ANTENNEREUNION info_et_magazines//meteo - 2020 - HABILLAGE - Exclu;Confirmée;Non;01/01/2022;31/01/2022;01/01/2022;31/01/2022;MASCARIN SAS;BONJOUR Cyrille;101466;101466;300.00;300.00;2.96;2.96;0;0.00%;41291;41291;300.00;300.00;7.27;7.27;0;0.00%;40.69%;78.85%;
MASCARIN PARR METEO - 75584;SM_ANTENNEREUNION info_et_magazines//meteo - 2020 - LOGO - Exclu;Confirmée;Oui;01/01/2022;31/01/2022;01/01/2022;31/01/2022;MASCARIN SAS;BONJOUR Cyrille;139781;139781;66.66;66.66;0.48;0.48;0;0.00%;79606;79606;66.66;66.66;0.84;0.84;0;0.00%;56.95%;110.34%;
MASCARIN PARR METEO - 75584;SM_ANTENNEREUNION info_et_magazines//meteo - 2020 - MASTHEAD - Exclu;Confirmée;Non;01/01/2022;31/01/2022;01/01/2022;31/01/2022;MASCARIN SAS;BONJOUR Cyrille;101466;101466;66.67;66.67;0.66;0.66;0;0.00%;41291;41291;66.67;66.67;1.61;1.61;0;0.00%;40.69%;78.85%;
MASCARIN PARR METEO - 75584;SM_ANTENNEREUNION info_et_magazines//meteo - 2020 - RECTANGLE - Exclu;Confirmée;Oui;01/01/2022;31/01/2022;01/01/2022;31/01/2022;MASCARIN SAS;BONJOUR Cyrille;139781;139781;66.67;66.67;0.48;0.48;0;0.00%;79606;79606;66.67;66.67;0.84;0.84;0;0.00%;56.95%;110.34%;
MR BRICOLAGE VACANCES D ETE - 75729;2020 - RG INSTREAM - 2020 - INSTREAM;Confirmée;Oui;29/12/2021;07/01/2022;29/12/2021;07/01/2022;SOREBRIC SAS - MR BRICOLAGE;AUFFRET Jerome;129870;129870;3165.90;2000.00;15.40;15.40;0;0.00%;0;0;0.00;0.00;0.00;0.00;0;0.00%;0.00%;0.00%;
MYCOHYDRALIN - 75681;2021-INSTREAM-RG-20S /AR/LINFO/OR/DTJ/TF1/M6/DM;Confirmée;Oui;17/01/2022;13/02/2022;17/01/2022;13/02/2022;BAYER HEALTH CARE;TF1 TF1;4531;4531;114.63;90.00;19.86;19.86;0;0.00%;0;0;0.00;0.00;0.00;0.00;0;0.00%;0.00%;0.00%;
MYCOHYDRALIN - 75681;2021-INTREAM-RG-10S /AR/LINFO/OR/DTJ/TF1/M6/DM;Confirmée;Oui;17/01/2022;13/02/2022;17/01/2022;13/02/2022;BAYER HEALTH CARE;TF1 TF1;18127;18127;398.79;360.00;19.86;19.86;0;0.00%;0;0;0.00;0.00;0.00;0.00;0;0.00%;0.00%;0.00%;
ODB - 68629;JANVIER DIFFUSION CATALOGUE RODZAFER ANNUEL;Confirmée;Non;01/01/2022;31/01/2022;01/01/2022;31/01/2022;OPTIC DEVELOPPEMENT;BONJOUR Cyrille;0;0;83.33;83.33;0.00;0.00;0;0.00%;0;0;83.33;83.33;0.00;0.00;0;0.00%;0.00%;0.00%;
ODB - 68629;FEVRIER DIFFUSION CATALOGUE RODZAFER ANNUEL;Confirmée;Non;01/02/2022;28/02/2022;01/02/2022;28/02/2022;OPTIC DEVELOPPEMENT;BONJOUR Cyrille;0;0;83.33;83.33;0.00;0.00;0;0.00%;0;0;83.33;83.33;0.00;0.00;0;0.00%;0.00%;0.00%;
ODB - 68629;MARS DIFFUSION CATALOGUE RODZAFER ANNUEL;Confirmée;Non;01/03/2022;31/03/2022;01/03/2022;31/03/2022;OPTIC DEVELOPPEMENT;BONJOUR Cyrille;0;0;83.33;83.33;0.00;0.00;0;0.00%;0;0;83.33;83.33;0.00;0.00;0;0.00%;0.00%;0.00%;
ODB - 68629;AVRIL DIFFUSION CATALOGUE RODZAFER ANNUEL;Confirmée;Non;01/04/2022;30/04/2022;01/04/2022;30/04/2022;OPTIC DEVELOPPEMENT;BONJOUR Cyrille;0;0;83.33;83.33;0.00;0.00;0;0.00%;0;0;83.33;83.33;0.00;0.00;0;0.00%;0.00%;0.00%;
ORANGE - 75421;INTERSTITIEL - RZ APPLI - RESEAU ASB;Confirmée;Oui;13/01/2022;26/01/2022;13/01/2022;26/01/2022;ORANGE;AUFFRET Jerome;8316268;8316268;750.00;750.00;0.09;0.09;0;0.00%;5974635;5974635;750.00;750.00;0.13;0.13;0;0.00%;71.84%;251.45%;2021 RESEAU ASB RODZAFER INTERSTITIEL SITE + APPLI
ORANGE - 75421;INTERSTITIEL - RZ SITE - RESEAU ASB;Confirmée;Oui;13/01/2022;26/01/2022;13/01/2022;26/01/2022;ORANGE;AUFFRET Jerome;521800;521800;750.00;750.00;1.44;1.44;0;0.00%;350328;350328;750.00;750.00;2.14;2.14;0;0.00%;67.14%;234.98%;2021 RESEAU ASB RODZAFER INTERSTITIEL SITE + APPLI
ORANGE - 75421;HABILLAGE - RZ SITE - RESEAU ASB;Confirmée;Oui;13/01/2022;26/01/2022;13/01/2022;26/01/2022;ORANGE;AUFFRET Jerome;30620095;30620095;800.00;800.00;0.03;0.03;0;0.00%;20135509;20135509;800.00;800.00;0.04;0.04;0;0.00%;65.76%;230.16%;
ORANGE BANK - 75935;INTERSTITIEL RZ - SITE - RESEAU ASB;Réservée;Non;07/02/2022;20/02/2022;07/02/2022;20/02/2022;ORANGE REUNION SA;AUFFRET Jerome;202020;202020;1000.00;500.00;2.48;2.48;0;0.00%;0;0;0.00;0.00;0.00;0.00;0;0.00%;0.00%;0.00%;2021 RESEAU ASB RODZAFER INTERSTITIEL SITE + APPLI
ORANGE BANK - 75935;INTERSTITIEL RZ - APPLI - RESEAU ASB;Réservée;Non;07/02/2022;20/02/2022;07/02/2022;20/02/2022;ORANGE REUNION SA;AUFFRET Jerome;2883288;2883288;1000.00;500.00;0.17;0.17;0;0.00%;0;0;0.00;0.00;0.00;0.00;0;0.00%;0.00%;0.00%;2021 RESEAU ASB RODZAFER INTERSTITIEL SITE + APPLI
ORANGE BANK - 75940;INTERSTITIEL RZ - SITE - RESEAU ASB;Réservée;Non;01/02/2022;14/02/2022;01/02/2022;14/02/2022;ORANGE REUNION SA;AUFFRET Jerome;199904;199904;1000.00;500.00;2.50;2.50;0;0.00%;0;0;0.00;0.00;0.00;0.00;0;0.00%;0.00%;0.00%;2021 RESEAU ASB RODZAFER INTERSTITIEL SITE + APPLI
ORANGE BANK - 75940;INTERSTITIEL RZ - APPLI - RESEAU ASB;Réservée;Non;01/02/2022;14/02/2022;01/02/2022;14/02/2022;ORANGE REUNION SA;AUFFRET Jerome;2863562;2863562;1000.00;500.00;0.17;0.17;0;0.00%;0;0;0.00;0.00;0.00;0.00;0;0.00%;0.00%;0.00%;2021 RESEAU ASB RODZAFER INTERSTITIEL SITE + APPLI
ORANGE BANK - 75941;INTERSTITIEL RZ - SITE - RESEAU ASB;Réservée;Non;25/07/2022;07/08/2022;25/07/2022;07/08/2022;ORANGE REUNION SA;AUFFRET Jerome;0;0;1000.00;500.00;0.00;0.00;0;0.00%;0;0;0.00;0.00;0.00;0.00;0;0.00%;0.00%;0.00%;2021 RESEAU ASB RODZAFER INTERSTITIEL SITE + APPLI
ORANGE BANK - 75941;INTERSTITIEL RZ - APPLI - RESEAU ASB;Réservée;Non;25/07/2022;07/08/2022;25/07/2022;07/08/2022;ORANGE REUNION SA;AUFFRET Jerome;0;0;1000.00;500.00;0.00;0.00;0;0.00%;0;0;0.00;0.00;0.00;0.00;0;0.00%;0.00%;0.00%;2021 RESEAU ASB RODZAFER INTERSTITIEL SITE + APPLI
ORANGE BANK - 75942;INTERSTITIEL RZ - SITE - RESEAU ASB;Réservée;Non;14/11/2022;27/11/2022;14/11/2022;27/11/2022;ORANGE REUNION SA;AUFFRET Jerome;0;0;1000.00;500.00;0.00;0.00;0;0.00%;0;0;0.00;0.00;0.00;0.00;0;0.00%;0.00%;0.00%;2021 RESEAU ASB RODZAFER INTERSTITIEL SITE + APPLI
ORANGE BANK - 75942;INTERSTITIEL RZ - APPLI - RESEAU ASB;Réservée;Non;14/11/2022;27/11/2022;14/11/2022;27/11/2022;ORANGE REUNION SA;AUFFRET Jerome;0;0;1000.00;500.00;0.00;0.00;0;0.00%;0;0;0.00;0.00;0.00;0.00;0;0.00%;0.00%;0.00%;2021 RESEAU ASB RODZAFER INTERSTITIEL SITE + APPLI
ORANGE RENFORT SAMSUNG - 73578;2020 - RG INTERSTITIEL - 2020 - INTERSTITIEL;Confirmée;Oui;27/12/2021;01/01/2022;27/12/2021;01/01/2022;ORANGE REUNION SA;AUFFRET Jerome;86360;86360;1295.40;1049.27;12.15;12.15;0;0.00%;86360;86360;1295.40;1049.27;12.15;12.15;0;0.00%;100.00%;100.00%;2021 RESEAU ASB INTERSTITIEL RG AR/LINFO/DTJ.
ORANGE RENFORT SAMSUNG - 73578;2020 - RG INTERSTITIEL APPLI - 2020 - INTERSTITIEL APPLI;Confirmée;Oui;27/12/2021;01/01/2022;27/12/2021;01/01/2022;ORANGE REUNION SA;AUFFRET Jerome;40640;40640;609.60;493.78;12.15;12.15;0;0.00%;40640;40640;609.60;493.78;12.15;12.15;0;0.00%;100.00%;100.00%;2021 RESEAU ASB INTERSTITIEL RG AR/LINFO/DTJ.
PARC NATIONAL - 75209;2020 - RG INSTREAM - 30s - AR/LINFO/TF1/M6/DM;Réservée;Non;09/05/2022;15/05/2022;09/05/2022;15/05/2022;PARC NATIONALE DE LA REUNION;BONJOUR Cyrille;95000;95000;3030.50;2598.28;27.35;27.35;0;0.00%;0;0;0.00;0.00;0.00;0.00;0;0.00%;0.00%;0.00%;
PETIT NAVIRE - 76009;2020 - RG - INSTREAM - 25s AR/LINFOLTF1/M6/DM;Réservée;Non;21/02/2022;05/03/2022;21/02/2022;05/03/2022;ETS PAUL PAULET;BONJOUR Cyrille;37000;37000;1058.20;1005.29;27.17;27.17;0;0.00%;0;0;0.00;0.00;0.00;0.00;0;0.00%;0.00%;0.00%;
QUINCAILLERIE TSENG - 67711;JANVIER DIFFUSION CATALOGUE RODZAFER;Confirmée;Non;01/01/2022;31/01/2022;01/01/2022;31/01/2022;QUINCAILLERIE TSENG;CATHERINE Kevin;0;0;83.33;83.33;0.00;0.00;0;0.00%;0;0;83.33;83.33;0.00;0.00;0;0.00%;0.00%;0.00%;
QUINCAILLERIE TSENG - 67711;FEVRIER DIFFUSION CATALOGUE RODZAFER;Confirmée;Non;01/02/2022;28/02/2022;01/02/2022;28/02/2022;QUINCAILLERIE TSENG;CATHERINE Kevin;0;0;83.33;83.33;0.00;0.00;0;0.00%;0;0;83.33;83.33;0.00;0.00;0;0.00%;0.00%;0.00%;
QUINCAILLERIE TSENG - 67711;MARS DIFFUSION CATALOGUE RODZAFER;Confirmée;Non;01/03/2022;31/03/2022;01/03/2022;31/03/2022;QUINCAILLERIE TSENG;CATHERINE Kevin;0;0;83.33;83.33;0.00;0.00;0;0.00%;0;0;83.33;83.33;0.00;0.00;0;0.00%;0.00%;0.00%;
R DECO PARR MEILLEUR PATISSIER - 73370;SM_ANTENNEREUNION emissions/emissions/le_meilleur_patissier - 2020 - LOGO - Exclu;Confirmée;Oui;05/11/2021;28/01/2022;05/11/2021;28/01/2022;RDECO;BOURSIER Estelle;112890;112890;99.99;99.99;0.89;0.89;0;0.00%;93190;93190;99.99;99.99;2.13;1.07;0;0.00%;82.55%;96.12%;
R DECO PARR MEILLEUR PATISSIER - 73370;SM_ANTENNEREUNION emissions/emissions/le_meilleur_patissier - 2020 - MASTHEAD - Exclu;Confirmée;Oui;05/11/2021;28/01/2022;05/11/2021;28/01/2022;RDECO;BOURSIER Estelle;112890;112890;99.99;99.99;0.89;0.89;0;0.00%;93190;93190;99.99;99.99;2.13;1.07;0;0.00%;82.55%;96.12%;
R DECO PARR MEILLEUR PATISSIER - 73370;SM_ANTENNEREUNION emissions/emissions/le_meilleur_patissier - 2020 - RECTANGLE - Exclu;Confirmée;Oui;05/11/2021;28/01/2022;05/11/2021;28/01/2022;RDECO;BOURSIER Estelle;112890;112890;100.02;100.02;0.89;0.89;0;0.00%;93190;93190;100.02;100.02;2.13;1.07;0;0.00%;82.55%;96.12%;
R DECO PARR MEILLEUR PATISSIER - 73370;SM_ANTENNEREUNION emissions/emissions/le_meilleur_patissier - 2020 - HABILLAGE - Exclu;Confirmée;Oui;05/11/2021;28/01/2022;05/11/2021;28/01/2022;RDECO;BOURSIER Estelle;112890;112890;450.00;450.00;3.99;3.99;0;0.00%;93190;93190;450.00;450.00;9.57;4.83;0;0.00%;82.55%;96.12%;
R ELECTRO PARR TELEFILMS DE NOEL - 74339;SM_ANTENNEREUNION series_et_fictions//series_et_fictions/telefilms_de_noel - 2020 - HABILLAGE - Exclu;Confirmée;Non;29/11/2021;22/01/2022;29/11/2021;22/01/2022;RELECTRO;BOURSIER Estelle;3400;3400;300.00;300.00;88.24;88.24;0;0.00%;0;0;0.00;0.00;0.00;0.00;0;0.00%;0.00%;0.00%;
R ELECTRO PARR TELEFILMS DE NOEL - 74339;SM_ANTENNEREUNION series_et_fictions//series_et_fictions/telefilms_de_noel - 2020 - LOGO - Exclu;Confirmée;Oui;29/11/2021;22/01/2022;29/11/2021;22/01/2022;RELECTRO;BOURSIER Estelle;3400;3400;66.66;66.66;19.61;19.61;0;0.00%;0;0;0.00;0.00;0.00;0.00;0;0.00%;0.00%;0.00%;
R ELECTRO PARR TELEFILMS DE NOEL - 74339;SM_ANTENNEREUNION series_et_fictions//series_et_fictions/telefilms_de_noel - 2020 - MASTHEAD - Exclu;Confirmée;Non;29/11/2021;22/01/2022;29/11/2021;22/01/2022;RELECTRO;BOURSIER Estelle;3400;3400;66.67;66.67;19.61;19.61;0;0.00%;0;0;0.00;0.00;0.00;0.00;0;0.00%;0.00%;0.00%;
R ELECTRO PARR TELEFILMS DE NOEL - 74339;SM_ANTENNEREUNION series_et_fictions//series_et_fictions/telefilms_de_noel - 2020 - RECTANGLE - Exclu;Confirmée;Oui;29/11/2021;22/01/2022;29/11/2021;22/01/2022;RELECTRO;BOURSIER Estelle;3400;3400;66.67;66.67;19.61;19.61;0;0.00%;0;0;0.00;0.00;0.00;0.00;0;0.00%;0.00%;0.00%;
RAVATE.COM PARR LA FRANCE A UN - 73382;SM_ANTENNEREUNION emissions/emissions/la_france_a_un_incroyable_talent - 2020 - LOGO - Exclu;Confirmée;Oui;14/11/2021;16/01/2022;14/11/2021;16/01/2022;ECOMRUN;BOURSIER Estelle;9180;9180;63.33;63.33;6.90;6.90;0;0.00%;9180;9180;63.33;63.33;6.90;6.90;0;0.00%;100.00%;100.00%;
RAVATE.COM PARR LA FRANCE A UN - 73382;SM_ANTENNEREUNION emissions/emissions/la_france_a_un_incroyable_talent - 2020 - MASTHEAD - Exclu;Confirmée;Non;14/11/2021;16/01/2022;14/11/2021;16/01/2022;ECOMRUN;BOURSIER Estelle;9180;9180;63.33;63.33;6.90;6.90;0;0.00%;9180;9180;63.33;63.33;6.90;6.90;0;0.00%;100.00%;100.00%;
RAVATE.COM PARR LA FRANCE A UN - 73382;SM_ANTENNEREUNION emissions/emissions/la_france_a_un_incroyable_talent - 2020 - RECTANGLE - Exclu;Confirmée;Oui;14/11/2021;16/01/2022;14/11/2021;16/01/2022;ECOMRUN;BOURSIER Estelle;9180;9180;63.34;63.34;6.90;6.90;0;0.00%;9180;9180;63.34;63.34;6.90;6.90;0;0.00%;100.00%;100.00%;
RAVATE.COM PARR LA FRANCE A UN - 73382;SM_ANTENNEREUNION emissions/emissions/la_france_a_un_incroyable_talent - 2020 - HABILLAGE - Exclu;Confirmée;Non;14/11/2021;16/01/2022;14/11/2021;16/01/2022;ECOMRUN;BOURSIER Estelle;9180;9180;310.00;310.00;33.77;33.77;0;0.00%;9180;9180;310.00;310.00;33.77;33.77;0;0.00%;100.00%;100.00%;
SCENTER / GIFI - 68970;JANVIER DIFFUSION CATALOGUE ANNUEL RODZAFER;Confirmée;Non;01/01/2022;31/01/2022;01/01/2022;31/01/2022;RAVATE DISTRIBUTION ;BOURSIER Estelle;0;0;83.33;83.33;0.00;0.00;0;0.00%;0;0;83.33;83.33;0.00;0.00;0;0.00%;0.00%;0.00%;
SCENTER / GIFI - 68970;FEVRIER DIFFUSION CATALOGUE ANNUEL RODZAFER;Confirmée;Non;01/02/2022;28/02/2022;01/02/2022;28/02/2022;RAVATE DISTRIBUTION ;BOURSIER Estelle;0;0;83.33;83.33;0.00;0.00;0;0.00%;0;0;83.33;83.33;0.00;0.00;0;0.00%;0.00%;0.00%;
SCENTER / GIFI - 68970;MARS DIFFUSION CATALOGUE ANNUEL RODZAFER;Confirmée;Non;01/03/2022;31/03/2022;01/03/2022;31/03/2022;RAVATE DISTRIBUTION ;BOURSIER Estelle;0;0;83.33;83.33;0.00;0.00;0;0.00%;0;0;83.33;83.33;0.00;0.00;0;0.00%;0.00%;0.00%;
SCENTER / GIFI - 68970;AVRIL DIFFUSION CATALOGUE ANNUEL RODZAFER;Confirmée;Non;01/04/2022;30/04/2022;01/04/2022;30/04/2022;RAVATE DISTRIBUTION ;BOURSIER Estelle;0;0;83.33;83.33;0.00;0.00;0;0.00%;0;0;83.33;83.33;0.00;0.00;0;0.00%;0.00%;0.00%;
SCENTER / GIFI - 68970;MAI DIFFUSION CATALOGUE ANNUEL RODZAFER;Confirmée;Non;01/05/2022;31/05/2022;01/05/2022;31/05/2022;RAVATE DISTRIBUTION ;BOURSIER Estelle;0;0;83.33;83.33;0.00;0.00;0;0.00%;0;0;83.33;83.33;0.00;0.00;0;0.00%;0.00%;0.00%;
SFR BOX - 75521;ASB INSTREAM AR/LINFO/DTJ/TF1/M6/DM;Confirmée;Non;05/01/2022;24/01/2022;05/01/2022;24/01/2022;SRR;BOURSIER Estelle;250313;250313;6607.00;4000.00;15.98;15.98;0;0.00%;250313;250313;6607.00;4000.00;15.98;15.98;0;0.00%;100.00%;166.67%;
SHEEFOU - 67096;DECEMBRE AUTOPROMO RZ S/TV CITATION+VISIBILITE LOGO;Confirmée;Non;10/12/2021;10/01/2022;10/12/2021;10/01/2022;SHEEFOU;BOURSIER Estelle;0;0;363.63;363.63;0.00;0.00;0;0.00%;0;0;363.63;363.63;0.00;0.00;0;0.00%;0.00%;0.00%;
SHEEFOU - 67096;DECEMBRE DIFFUSION CATALOGUE EN GRATUITE;Confirmée;Non;10/12/2021;10/01/2022;10/12/2021;10/01/2022;SHEEFOU;BOURSIER Estelle;0;0;381.82;0.00;0.00;0.00;0;0.00%;0;0;381.82;0.00;0.00;0.00;0;0.00%;0.00%;0.00%;
SHEEFOU - 67096;JANVIER AUTOPROMO RZ S/TV CITATION+VISIBILITE LOGO>;Confirmée;Non;10/01/2022;10/02/2022;10/01/2022;10/02/2022;SHEEFOU;BOURSIER Estelle;0;0;363.63;363.63;0.00;0.00;0;0.00%;0;0;363.63;363.63;0.00;0.00;0;0.00%;0.00%;0.00%;
SHEEFOU - 67096;JANVIER DIFFUSION CATALOGUE EN GRATUITE;Confirmée;Non;10/01/2022;10/02/2022;10/01/2022;10/02/2022;SHEEFOU;BOURSIER Estelle;0;0;381.81;0.00;0.00;0.00;0;0.00%;0;0;381.81;0.00;0.00;0.00;0;0.00%;0.00%;0.00%;
SHEEFOU PAR TELEFILMS DE NOEL - 74947;SM_ANTENNEREUNION series_et_fictions//series_et_fictions/telefilms_de_noel - 2020 - HABILLAGE - Exclu;Confirmée;Non;10/12/2021;22/01/2022;10/12/2021;22/01/2022;POUSTAGUA;BOURSIER Estelle;5158;5158;300.00;300.00;58.16;58.16;0;0.00%;1758;1758;300.00;300.00;170.65;170.65;0;0.00%;34.08%;39.46%;
SHEEFOU PAR TELEFILMS DE NOEL - 74947;SM_ANTENNEREUNION series_et_fictions//series_et_fictions/telefilms_de_noel - 2020 - LOGO - Exclu;Confirmée;Oui;10/12/2021;22/01/2022;10/12/2021;22/01/2022;POUSTAGUA;BOURSIER Estelle;15154;15154;66.66;66.66;4.40;4.40;0;0.00%;11754;11754;66.66;66.66;5.67;5.67;0;0.00%;77.56%;89.81%;
SHEEFOU PAR TELEFILMS DE NOEL - 74947;SM_ANTENNEREUNION series_et_fictions//series_et_fictions/telefilms_de_noel - 2020 - MASTHEAD - Exclu;Confirmée;Non;10/12/2021;22/01/2022;10/12/2021;22/01/2022;POUSTAGUA;BOURSIER Estelle;5158;5158;66.67;66.67;12.93;12.93;0;0.00%;1758;1758;66.67;66.67;37.92;37.92;0;0.00%;34.08%;39.46%;
SHEEFOU PAR TELEFILMS DE NOEL - 74947;SM_ANTENNEREUNION series_et_fictions//series_et_fictions/telefilms_de_noel - 2020 - RECTANGLE - Exclu;Confirmée;Oui;10/12/2021;22/01/2022;10/12/2021;22/01/2022;POUSTAGUA;BOURSIER Estelle;15154;15154;66.67;66.67;4.40;4.40;0;0.00%;11754;11754;66.67;66.67;5.67;5.67;0;0.00%;77.56%;89.81%;
SMARTCORNER PROMO DEST DUBAI - 75260;2020 - RG INSTREAM - 2020 - INSTREAM;Confirmée;Oui;15/12/2021;11/01/2022;15/12/2021;11/01/2022;SMARTCORNER;BOSC Florent;545000;545000;11990.00;7500.00;13.76;13.76;0;0.00%;0;0;0.00;0.00;0.00;0.00;0;0.00%;0.00%;0.00%;
SMARTCORNER PROMO DEST DUBAI - 75260;publication facebook et instagram;Confirmée;Non;21/12/2021;11/01/2022;21/12/2021;11/01/2022;SMARTCORNER;BOSC Florent;0;0;1000.00;0.00;0.00;0.00;0;0.00%;0;0;1000.00;0.00;0.00;0.00;0;0.00%;0.00%;0.00%;
SMARTCORNER PROMO DEST DUBAI - 75260;2020 - NATIVE LINFO - 2020 - NATIVE;Confirmée;Non;21/12/2021;11/01/2022;21/12/2021;11/01/2022;SMARTCORNER;BOSC Florent;230000;230000;1150.00;795.00;3.46;3.46;0;0.00%;0;0;0.00;0.00;0.00;0.00;0;0.00%;0.00%;0.00%;
SMARTCORNER PROMO DEST DUBAI - 75260;2020 - RG GRAND ANGLE HORS ORANGE - 2020 - GRAND ANGLE;Confirmée;Non;21/12/2021;11/01/2022;21/12/2021;11/01/2022;SMARTCORNER;BOSC Florent;312000;312000;1560.00;1056.00;3.38;3.38;0;0.00%;0;0;0.00;0.00;0.00;0.00;0;0.00%;0.00%;0.00%;GRAND ANGLE RG CO BRANDE LINFO/AR/DTJ
SMARTCORNER PROMO DEST DUBAI - 75260;2020 - RG GRAND ANGLE APPLI - 2020 - GRAND ANGLE APPLI;Confirmée;Non;21/12/2021;11/01/2022;21/12/2021;11/01/2022;SMARTCORNER;BOSC Florent;338000;338000;1690.00;1144.00;3.38;3.38;0;0.00%;0;0;0.00;0.00;0.00;0.00;0;0.00%;0.00%;0.00%;GRAND ANGLE RG CO BRANDE LINFO/AR/DTJ
SOBORIZ NOUVEL AN CHINOIS - 75083;2020 - RG INTERSTITIEL - 2020 - INTERSTITIEL;Réservée;Non;07/02/2022;13/02/2022;07/02/2022;13/02/2022;SOBORIZ INDUSTRIE ;CATHERINE Kevin;90136;90136;1352.04;1156.00;12.83;12.83;0;0.00%;0;0;0.00;0.00;0.00;0.00;0;0.00%;0.00%;0.00%;INTERSTICIEL RG DESK MOB APP LINFO/AR/DTJ/OR
SOBORIZ NOUVEL AN CHINOIS - 75083;2020 - RG INTERSTITIEL APPLI - 2020 - INTERSTITIEL APPLI;Réservée;Non;07/02/2022;13/02/2022;07/02/2022;13/02/2022;SOBORIZ INDUSTRIE ;CATHERINE Kevin;42417;42417;636.26;544.00;12.83;12.83;0;0.00%;0;0;0.00;0.00;0.00;0.00;0;0.00%;0.00%;0.00%;INTERSTICIEL RG DESK MOB APP LINFO/AR/DTJ/OR
SODIRAJ VU SUR ANTENNE - 75960;production executive;Confirmée;Non;21/02/2022;21/02/2022;21/02/2022;21/02/2022;SODIRAJ;GOULAMHOUSSEN Abdealy;0;0;160.00;160.00;0.00;0.00;0;0.00%;0;0;160.00;160.00;0.00;0.00;0;0.00%;0.00%;0.00%;
SODIRAJ VU SUR ANTENNE - 75960;production vo;Confirmée;Non;21/02/2022;21/02/2022;21/02/2022;21/02/2022;SODIRAJ;GOULAMHOUSSEN Abdealy;0;0;40.00;40.00;0.00;0.00;0;0.00%;0;0;40.00;40.00;0.00;0.00;0;0.00%;0.00%;0.00%;
SOREFI - 75963;GRAND ANGLE RG - SITE - RESEAU ASB;Réservée;Non;01/02/2022;10/02/2022;01/02/2022;10/02/2022;SOREFI;BONJOUR Cyrille;150000;150000;750.00;495.15;3.30;3.30;0;0.00%;0;0;0.00;0.00;0.00;0.00;0;0.00%;0.00%;0.00%;2021 RESEAU ASB GRAND ANGLE RG AR/LINFO/DTJ/OR
SOREFI - 75963;GRAND ANGLE RG - APPLI - RESEAU ASB;Réservée;Non;01/02/2022;10/02/2022;01/02/2022;10/02/2022;SOREFI;BONJOUR Cyrille;162500;162500;812.50;536.27;3.30;3.30;0;0.00%;162500;162500;812.50;536.27;3.30;3.30;0;0.00%;100.00%;0.00%;2021 RESEAU ASB GRAND ANGLE RG AR/LINFO/DTJ/OR
SOREFI - 75963;RECTANGLE RG - APPLI - RESEAU ASB;Réservée;Non;01/02/2022;10/02/2022;01/02/2022;10/02/2022;SOREFI;BONJOUR Cyrille;188500;188500;754.00;505.39;2.68;2.68;0;0.00%;188500;188500;754.00;505.39;2.68;2.68;0;0.00%;100.00%;0.00%;2021 RESEAU ASB RECTANGLE RG AR/LINFO/DTJ/OR
SOREFI - 75963;RECTANGLE RG - SITE - RESEAU ASB;Réservée;Non;01/02/2022;10/02/2022;01/02/2022;10/02/2022;SOREFI;BONJOUR Cyrille;174000;174000;696.00;466.50;2.68;2.68;0;0.00%;0;0;0.00;0.00;0.00;0.00;0;0.00%;0.00%;0.00%;2021 RESEAU ASB RECTANGLE RG AR/LINFO/DTJ/OR
SOREFI - 75963;GRAND ANGLE RG - APPLI - RESEAU ASB;Réservée;Non;28/04/2022;07/05/2022;28/04/2022;07/05/2022;SOREFI;BONJOUR Cyrille;162500;162500;812.50;536.27;3.30;3.30;0;0.00%;162500;162500;812.50;536.27;3.30;3.30;0;0.00%;100.00%;0.00%;2021 RESEAU ASB GRAND ANGLE RG AR/LINFO/DTJ/OR V2
SOREFI - 75963;GRAND ANGLE RG - SITE - RESEAU ASB;Réservée;Non;28/04/2022;07/05/2022;28/04/2022;07/05/2022;SOREFI;BONJOUR Cyrille;150000;150000;750.00;495.15;3.30;3.30;0;0.00%;0;0;0.00;0.00;0.00;0.00;0;0.00%;0.00%;0.00%;2021 RESEAU ASB GRAND ANGLE RG AR/LINFO/DTJ/OR V2
SOREFI - 75963;RECTANGLE RG - SITE - RESEAU ASB;Réservée;Non;28/04/2022;07/05/2022;28/04/2022;07/05/2022;SOREFI;BONJOUR Cyrille;174000;174000;696.00;466.50;2.68;2.68;0;0.00%;0;0;0.00;0.00;0.00;0.00;0;0.00%;0.00%;0.00%;2021 RESEAU ASB RECTANGLE RG AR/LINFO/DTJ/OR V2
SOREFI - 75963;RECTANGLE RG - APPLI - RESEAU ASB;Réservée;Non;28/04/2022;07/05/2022;28/04/2022;07/05/2022;SOREFI;BONJOUR Cyrille;188500;188500;754.00;505.39;2.68;2.68;0;0.00%;188500;188500;754.00;505.39;2.68;2.68;0;0.00%;100.00%;0.00%;2021 RESEAU ASB RECTANGLE RG AR/LINFO/DTJ/OR V2
SOREFI - 75963;GRAND ANGLE RG - SITE - RESEAU ASB;Réservée;Non;01/08/2022;10/08/2022;01/08/2022;10/08/2022;SOREFI;BONJOUR Cyrille;150000;150000;750.00;495.15;3.30;3.30;0;0.00%;0;0;0.00;0.00;0.00;0.00;0;0.00%;0.00%;0.00%;2021 RESEAU ASB GRAND ANGLE RG AR/LINFO/DTJ/OR V3
SOREFI - 75963;GRAND ANGLE RG - APPLI - RESEAU ASB;Réservée;Non;01/08/2022;10/08/2022;01/08/2022;10/08/2022;SOREFI;BONJOUR Cyrille;162500;162500;812.50;536.27;3.30;3.30;0;0.00%;162500;162500;812.50;536.27;3.30;3.30;0;0.00%;100.00%;0.00%;2021 RESEAU ASB GRAND ANGLE RG AR/LINFO/DTJ/OR V3
SOREFI - 75963;RECTANGLE RG - SITE - RESEAU ASB;Réservée;Non;01/08/2022;10/08/2022;01/08/2022;10/08/2022;SOREFI;BONJOUR Cyrille;174000;174000;696.00;466.50;2.68;2.68;0;0.00%;0;0;0.00;0.00;0.00;0.00;0;0.00%;0.00%;0.00%;2021 RESEAU ASB RECTANGLE RG AR/LINFO/DTJ/OR V3
SOREFI - 75963;RECTANGLE RG - APPLI - RESEAU ASB;Réservée;Non;01/08/2022;10/08/2022;01/08/2022;10/08/2022;SOREFI;BONJOUR Cyrille;188500;188500;754.00;505.39;2.68;2.68;0;0.00%;188500;188500;754.00;505.39;2.68;2.68;0;0.00%;100.00%;0.00%;2021 RESEAU ASB RECTANGLE RG AR/LINFO/DTJ/OR V3
SOREFI - 75963;GRAND ANGLE RG - SITE - RESEAU ASB;Réservée;Non;03/10/2022;12/10/2022;03/10/2022;12/10/2022;SOREFI;BONJOUR Cyrille;150000;150000;750.00;495.15;3.30;3.30;0;0.00%;0;0;0.00;0.00;0.00;0.00;0;0.00%;0.00%;0.00%;2021 RESEAU ASB GRAND ANGLE RG AR/LINFO/DTJ/OR V4
SOREFI - 75963;GRAND ANGLE RG - APPLI - RESEAU ASB;Réservée;Non;03/10/2022;12/10/2022;03/10/2022;12/10/2022;SOREFI;BONJOUR Cyrille;162500;162500;812.50;536.27;3.30;3.30;0;0.00%;162500;162500;812.50;536.27;3.30;3.30;0;0.00%;100.00%;0.00%;2021 RESEAU ASB GRAND ANGLE RG AR/LINFO/DTJ/OR V4
SOREFI - 75963;RECTANGLE RG - SITE - RESEAU ASB;Réservée;Non;03/10/2022;12/10/2022;03/10/2022;12/10/2022;SOREFI;BONJOUR Cyrille;174000;174000;696.00;466.50;2.68;2.68;0;0.00%;0;0;0.00;0.00;0.00;0.00;0;0.00%;0.00%;0.00%;2021 RESEAU ASB RECTANGLE RG AR/LINFO/DTJ/OR V4
SOREFI - 75963;RECTANGLE RG - APPLI - RESEAU ASB;Réservée;Non;03/10/2022;12/10/2022;03/10/2022;12/10/2022;SOREFI;BONJOUR Cyrille;188500;188500;754.00;505.39;2.68;2.68;0;0.00%;188500;188500;754.00;505.39;2.68;2.68;0;0.00%;100.00%;0.00%;2021 RESEAU ASB RECTANGLE RG AR/LINFO/DTJ/OR V4
SPEED CLE SERVICES - 68395;JANVIER  DIFFUSION CATALOGUE RODZAFER ANNUEL;Confirmée;Non;01/01/2022;31/01/2022;01/01/2022;31/01/2022;SPEED CLE SERVICES;AUFFRET Jerome;0;0;83.33;83.33;0.00;0.00;0;0.00%;0;0;83.33;83.33;0.00;0.00;0;0.00%;0.00%;0.00%;
SPEED CLE SERVICES - 68395;FEVRIER DIFFUSION CATALOGUE RODZAFER ANNUEL;Confirmée;Non;01/02/2022;28/02/2022;01/02/2022;28/02/2022;SPEED CLE SERVICES;AUFFRET Jerome;0;0;83.33;83.33;0.00;0.00;0;0.00%;0;0;83.33;83.33;0.00;0.00;0;0.00%;0.00%;0.00%;
SPEED CLE SERVICES - 68395;MARS DIFFUSION CATALOGUE RODZAFER ANNUEL;Confirmée;Non;01/03/2022;31/03/2022;01/03/2022;31/03/2022;SPEED CLE SERVICES;AUFFRET Jerome;0;0;83.33;83.33;0.00;0.00;0;0.00%;0;0;83.33;83.33;0.00;0.00;0;0.00%;0.00%;0.00%;
SPEED CLE SERVICES - 68395;AVRIL DIFFUSION CATALOGUE RODZAFER ANNUEL;Confirmée;Non;01/04/2022;30/04/2022;01/04/2022;30/04/2022;SPEED CLE SERVICES;AUFFRET Jerome;0;0;83.33;83.33;0.00;0.00;0;0.00%;0;0;83.33;83.33;0.00;0.00;0;0.00%;0.00%;0.00%;
STOP INSECTES VU SUR ANTENNE - 75562;production vo;Confirmée;Non;03/01/2022;03/01/2022;03/01/2022;03/01/2022;STOP INSECTES;GOULAMHOUSSEN Abdealy;0;0;40.00;40.00;0.00;0.00;0;0.00%;0;0;40.00;40.00;0.00;0.00;0;0.00%;0.00%;0.00%;
STOP INSECTES VU SUR ANTENNE - 75562;production executive;Confirmée;Non;03/01/2022;03/01/2022;03/01/2022;03/01/2022;STOP INSECTES;GOULAMHOUSSEN Abdealy;0;0;160.00;160.00;0.00;0.00;0;0.00%;0;0;160.00;160.00;0.00;0.00;0;0.00%;0.00%;0.00%;
STOP INSECTES VU SUR ANTENNE - 75565;2020 - RG RECTANGLE - 2020 - RECTANGLE;Confirmée;Oui;03/01/2022;07/01/2022;03/01/2022;07/01/2022;STOP INSECTES;GOULAMHOUSSEN Abdealy;72000;72000;345.60;240.00;3.33;3.33;0;0.00%;0;0;0.00;0.00;0.00;0.00;0;0.00%;0.00%;0.00%;
STOP INSECTES VU SUR ANTENNE - 75565;2020 - RG RECTANGLE APPLI - 2020 - RECTANGLE APPLI;Confirmée;Oui;03/01/2022;07/01/2022;03/01/2022;07/01/2022;STOP INSECTES;GOULAMHOUSSEN Abdealy;78000;78000;374.40;260.00;3.33;3.33;0;0.00%;0;0;0.00;0.00;0.00;0.00;0;0.00%;0.00%;0.00%;
SUPER CATENA - 67713;JANVIER PUSH RODZAFER ANNUEL;Confirmée;Non;01/01/2022;31/01/2022;01/01/2022;31/01/2022;SUPER CATENA;BONJOUR Cyrille;0;0;300.00;300.00;0.00;0.00;0;0.00%;0;0;300.00;300.00;0.00;0.00;0;0.00%;0.00%;0.00%;
SUPER CATENA - 67713;JANVIER DIFFUSION CATALOGUE ANNUEL RODZAFER OFFERTE;Confirmée;Non;01/01/2022;31/01/2022;01/01/2022;31/01/2022;SUPER CATENA;BONJOUR Cyrille;0;0;83.33;0.00;0.00;0.00;0;0.00%;0;0;83.33;0.00;0.00;0.00;0;0.00%;0.00%;0.00%;
SUPER CATENA - 67713;FEVRIER PUSH RODZAFER ANNUEL;Confirmée;Non;01/02/2022;28/02/2022;01/02/2022;28/02/2022;SUPER CATENA;BONJOUR Cyrille;0;0;300.00;300.00;0.00;0.00;0;0.00%;0;0;300.00;300.00;0.00;0.00;0;0.00%;0.00%;0.00%;
SUPER CATENA - 67713;FEVRIER DIFFUSION CATALOGUE ANNUEL RODZAFER OFFERTE;Confirmée;Non;01/02/2022;28/02/2022;01/02/2022;28/02/2022;SUPER CATENA;BONJOUR Cyrille;0;0;83.33;0.00;0.00;0.00;0;0.00%;0;0;83.33;0.00;0.00;0.00;0;0.00%;0.00%;0.00%;
SUPER CATENA - 67713;MARS PUSH RODZAFER ANNUEL;Confirmée;Non;01/03/2022;31/03/2022;01/03/2022;31/03/2022;SUPER CATENA;BONJOUR Cyrille;0;0;300.00;300.00;0.00;0.00;0;0.00%;0;0;300.00;300.00;0.00;0.00;0;0.00%;0.00%;0.00%;
SUPER CATENA - 67713;MARS DIFFUSION CATALOGUE ANNUEL RODZAFER OFFERTE;Confirmée;Non;01/03/2022;31/03/2022;01/03/2022;31/03/2022;SUPER CATENA;BONJOUR Cyrille;0;0;83.33;0.00;0.00;0.00;0;0.00%;0;0;83.33;0.00;0.00;0.00;0;0.00%;0.00%;0.00%;
SYMBIOSE MEDICAL PARR BABYBOOM - 73873;PORTAIL ART 2014 /Programmes/Emissions/Baby boom - Habillage - Taille variable selon le site - Exclu;Confirmée;Non;22/12/2021;19/01/2022;22/12/2021;19/01/2022;SYMBIOSE MEDICAL;BOURSIER Estelle;0;0;150.00;150.00;0.00;0.00;0;0.00%;0;0;150.00;150.00;0.00;0.00;0;0.00%;0.00%;0.00%;
SYMBIOSE MEDICAL PARR BABYBOOM - 73873;PORTAIL ART 2014 /Programmes/Emissions/Baby boom. /Programmes/Emissions/Baby boom. /Programmes/Emissions/Baby boom - Logo - Taille Variable - Exclu;Confirmée;Non;22/12/2021;19/01/2022;22/12/2021;19/01/2022;SYMBIOSE MEDICAL;BOURSIER Estelle;0;0;33.33;33.33;0.00;0.00;0;0.00%;0;0;33.33;33.33;0.00;0.00;0;0.00%;0.00%;0.00%;
SYMBIOSE MEDICAL PARR BABYBOOM - 73873;PORTAIL ART 2014 /Programmes/Emissions/Baby boom - Mégabanniére - 728x90 - Exclu;Confirmée;Non;22/12/2021;19/01/2022;22/12/2021;19/01/2022;SYMBIOSE MEDICAL;BOURSIER Estelle;0;0;33.33;33.33;0.00;0.00;0;0.00%;0;0;33.33;33.33;0.00;0.00;0;0.00%;0.00%;0.00%;
SYMBIOSE MEDICAL PARR BABYBOOM - 73873;PORTAIL ART 2014 /Programmes/Emissions/Baby boom - Rectangle - 300x250 - Exclu;Confirmée;Non;22/12/2021;19/01/2022;22/12/2021;19/01/2022;SYMBIOSE MEDICAL;BOURSIER Estelle;0;0;33.34;33.34;0.00;0.00;0;0.00%;0;0;33.34;33.34;0.00;0.00;0;0.00%;0.00%;0.00%;
UNIVERSITE DE LA REUNON - 75434;2020 - RG GRAND ANGLE APPLI - 2020 - GRAND ANGLE APPLI;Confirmée;Oui;31/12/2021;14/01/2022;31/12/2021;14/01/2022;UNIVERSITE DE LA REUNION;CATHERINE Kevin;216320;216320;1081.60;648.70;3.00;3.00;0;0.00%;0;0;0.00;0.00;0.00;0.00;0;0.00%;0.00%;0.00%;grand angle co brandé ar/linfo/dtj
UNIVERSITE DE LA REUNON - 75434;publication facebook et instagram;Confirmée;Non;31/12/2021;14/01/2022;31/12/2021;14/01/2022;UNIVERSITE DE LA REUNION;CATHERINE Kevin;0;0;1000.00;0.00;0.00;0.00;0;0.00%;0;0;1000.00;0.00;0.00;0.00;0;0.00%;0.00%;0.00%;
UNIVERSITE DE LA REUNON - 75434;2020 - NATIVE LINFO - 2020 - NATIVE;Confirmée;Oui;31/12/2021;14/01/2022;31/12/2021;14/01/2022;UNIVERSITE DE LA REUNION;CATHERINE Kevin;82500;82500;412.50;247.50;3.00;3.00;0;0.00%;0;0;0.00;0.00;0.00;0.00;0;0.00%;0.00%;0.00%;
UNIVERSITE DE LA REUNON - 75434;2020 - RG GRAND ANGLE - 2020 - GRAND ANGLE;Confirmée;Oui;31/12/2021;14/01/2022;31/12/2021;14/01/2022;UNIVERSITE DE LA REUNION;CATHERINE Kevin;199680;199680;998.40;598.80;3.00;3.00;0;0.00%;0;0;0.00;0.00;0.00;0.00;0;0.00%;0.00%;0.00%;grand angle co brandé ar/linfo/dtj
ZEOP - 69505;JANVIER FORFAIT ANNUEL DIFFUSION CATALOGUE RODZAFER ;Confirmée;Non;01/01/2022;31/01/2022;01/01/2022;31/01/2022;ZEOP;BOSC Florent;0;0;83.33;83.33;0.00;0.00;0;0.00%;0;0;83.33;83.33;0.00;0.00;0;0.00%;0.00%;0.00%;
ZEOP - 69505;FEVRIER FORFAIT ANNUEL DIFFUSION CATALOGUE RODZAFER ;Confirmée;Non;01/02/2022;28/02/2022;01/02/2022;28/02/2022;ZEOP;BOSC Florent;0;0;83.33;83.33;0.00;0.00;0;0.00%;0;0;83.33;83.33;0.00;0.00;0;0.00%;0.00%;0.00%;
ZEOP - 69505;MARS FORFAIT ANNUEL DIFFUSION CATALOGUE RODZAFER ;Confirmée;Non;01/03/2022;31/03/2022;01/03/2022;31/03/2022;ZEOP;BOSC Florent;0;0;83.33;83.33;0.00;0.00;0;0.00%;0;0;83.33;83.33;0.00;0.00;0;0.00%;0.00%;0.00%;
ZEOP - 69505;AVRIL FORFAIT ANNUEL DIFFUSION CATALOGUE RODZAFER ;Confirmée;Non;01/04/2022;30/04/2022;01/04/2022;30/04/2022;ZEOP;BOSC Florent;0;0;83.33;83.33;0.00;0.00;0;0.00%;0;0;83.33;83.33;0.00;0.00;0;0.00%;0.00%;0.00%;
ZEOP - 69505;MAI FORFAIT ANNUEL DIFFUSION CATALOGUE RODZAFER ;Confirmée;Non;01/05/2022;31/05/2022;01/05/2022;31/05/2022;ZEOP;BOSC Florent;0;0;83.33;83.33;0.00;0.00;0;0.00%;0;0;83.33;83.33;0.00;0.00;0;0.00%;0.00%;0.00%;
ZEOP - 69505;JUIN FORFAIT ANNUEL DIFFUSION CATALOGUE RODZAFER ;Confirmée;Non;01/06/2022;30/06/2022;01/06/2022;30/06/2022;ZEOP;BOSC Florent;0;0;83.33;83.33;0.00;0.00;0;0.00%;0;0;83.33;83.33;0.00;0.00;0;0.00%;0.00%;0.00%;
ZEOP - 75824;2021-RG-INSTREAM 30S / AR/LINFO/DTJ/TF1/M6/DM;Confirmée;Non;15/01/2022;31/01/2022;15/01/2022;31/01/2022;ZEOP;BOSC Florent;250000;250000;7975.00;5000.00;20.00;20.00;0;0.00%;0;0;0.00;0.00;0.00;0.00;0;0.00%;0.00%;0.00%;
